post_id,source_channel,platform_mentioned,carrier,title,body,text_for_embedding
5172fa3fb2fbbea21bc812379200788a,reddit,Databricks,Databricks,Re: Thoughts on migrating our whole ML platform to Databricks? A 6-month debrief.,Classic Databricks story. They sell you on convenience and then bleed you dry with compute costs and lock-in. You could've built a more flexible and cheaper stack with Dagster + DuckDB/Polars for transformation and Ray for distributed training. Unity Catalog is just a proprietary Hive Metastore with a nice UI. You're paying a massive premium for UI features and integration that the open-source community is building for free.,Re: Thoughts on migrating our whole ML platform to Databricks? A 6-month debrief. Classic Databricks story. They sell you on convenience and then bleed you dry with compute costs and lock-in. You could've built a more flexible and cheaper stack with Dagster + DuckDB/Polars for transformation and Ray for distributed training. Unity Catalog is just a proprietary Hive Metastore with a nice UI. You're paying a massive premium for UI features and integration that the open-source community is building for free.
fca3cb41ff33e0e33b0f51c5c357f2bb,g2,Firebolt,Firebolt,"Promised Blazing Speed, Delivered Burning Budgets and Operational Headaches","Pros: The initial appeal was Firebolt's raw query performance, and in very specific, highly-tuned scenarios, it does deliver. For our core product analytics dashboard, queries that took minutes on our old Redshift cluster could return in seconds. The decoupled storage and compute model is, in theory, a great paradigm for controlling costs, and the sparse indexing concept is genuinely innovative for certain data layouts. When our data engineers could dedicate significant time to optimizing a specific query pattern and its underlying data, the speed was undeniable. This initial 'wow' factor from the proof-of-concept phase was what ultimately got us to commit to the platform.

Cons: The 'wow' factor faded quickly as we moved into full production. The cost model is incredibly opaque and difficult to predict. What seems cheap on paper spirals out of control with concurrent usage or less-than-perfectly-optimized queries. We spend more time managing and tuning engines than we do on actual analytics. The platform feels immature; we've encountered SQL dialect inconsistencies compared to ANSI standards, a lack of robust workload management features found in Snowflake or BigQuery, and spotty third-party tool integration that required custom workarounds. Stability has also been a major issue, with engines occasionally becoming unresponsive and needing a manual restart, killing user trust.

Use case: We migrated to Firebolt to power our primary internal BI dashboards (using Metabase) and a customer-facing analytics feature within our SaaS application. The goal was to provide sub-second query latency on a multi-terabyte dataset of user interaction events. Data is ingested via Fivetran and transformed using dbt before being queried by our internal teams and the customer-facing application.

Recommendation: We cannot recommend Firebolt at this time, especially for teams without deep data engineering resources dedicated to constant tuning. The performance gains on niche queries do not outweigh the operational complexity, unpredictable costs, and overall platform immaturity compared to more established cloud data warehouses.","Promised Blazing Speed, Delivered Burning Budgets and Operational Headaches Pros: The initial appeal was Firebolt's raw query performance, and in very specific, highly-tuned scenarios, it does deliver. For our core product analytics dashboard, queries that took minutes on our old Redshift cluster could return in seconds. The decoupled storage and compute model is, in theory, a great paradigm for controlling costs, and the sparse indexing concept is genuinely innovative for certain data layouts. When our data engineers could dedicate significant time to optimizing a specific query pattern and its underlying data, the speed was undeniable. This initial 'wow' factor from the proof-of-concept phase was what ultimately got us to commit to the platform.

Cons: The 'wow' factor faded quickly as we moved into full production. The cost model is incredibly opaque and difficult to predict. What seems cheap on paper spirals out of control with concurrent usage or less-than-perfectly-optimized queries. We spend more time managing and tuning engines than we do on actual analytics. The platform feels immature; we've encountered SQL dialect inconsistencies compared to ANSI standards, a lack of robust workload management features found in Snowflake or BigQuery, and spotty third-party tool integration that required custom workarounds. Stability has also been a major issue, with engines occasionally becoming unresponsive and needing a manual restart, killing user trust.

Use case: We migrated to Firebolt to power our primary internal BI dashboards (using Metabase) and a customer-facing analytics feature within our SaaS application. The goal was to provide sub-second query latency on a multi-terabyte dataset of user interaction events. Data is ingested via Fivetran and transformed using dbt before being queried by our internal teams and the customer-facing application.

Recommendation: We cannot recommend Firebolt at this time, especially for teams without deep data engineering resources dedicated to constant tuning. The performance"
39e832f7926af88c48192cf6582f8d29,reddit,Google BigQuery,Google BigQuery,Re: Unpopular opinion: BigQuery is a terrible choice for serious DS work and I'm tired of pretending it's not.,"This sounds more like a user issue than a tool issue, no offense. If your query scanned 1.5TB on a partitioned table, your `WHERE` clause on the partition column was wrong or nonexistent. You can't treat BQ like Postgres. You have to think in terms of its architecture. Use the dry run feature, check the query plan explanation. For our team, the zero-ops nature is a godsend. We don't have time to manage clusters, and the performance for well-written queries is incredible.","Re: Unpopular opinion: BigQuery is a terrible choice for serious DS work and I'm tired of pretending it's not. This sounds more like a user issue than a tool issue, no offense. If your query scanned 1.5TB on a partitioned table, your `WHERE` clause on the partition column was wrong or nonexistent. You can't treat BQ like Postgres. You have to think in terms of its architecture. Use the dry run feature, check the query plan explanation. For our team, the zero-ops nature is a godsend. We don't have time to manage clusters, and the performance for well-written queries is incredible."
d75366bdb5b0faad0d6baff554421ed0,reddit,Databricks,Databricks,MLE thoughts after 6 months on Databricks - is the 'unified platform' dream real?,"Hey r/dataengineering,

My team (4 MLEs, 2 DEs) has been on Databricks (AWS, DBR 13.3 LTS) for about two quarters now, and I wanted to share some balanced thoughts from the ML side of the house. Before this, we were a mix-and-match shop: S3, Airflow for orchestration, EMR for big jobs, and SageMaker for training/endpoints.

The Good:
- The collaborative notebook environment is legitimately great for EDA and feature engineering. Connecting a cluster and having Spark available instantly without wrestling with local configs or docker-compose is a huge productivity boost.
- The MLflow integration is *tight*. Autologging parameters and metrics from our PyTorch training runs is seamless. It's saved us from the 'experiment_final_final_v3.csv' nightmare. Our junior engineers got up to speed on this way faster than our old system.
- Delta Lake. Being able to time-travel our feature store table after a bad upstream merge literally saved us a week of work last month. For a stateful system, it's a game-changer.

The Meh:
- The Model Serving feels a bit... tacked on? We saw some pretty gnarly cold starts (~20-30s) on the standard GPU endpoints compared to our old SageMaker setup. We're exploring the newer provisioned throughput options, but it feels less mature than dedicated serving tools.
- Cost management is a whole new skill. The DBU is a useful abstraction but also makes it hard to do apples-to-apples cost analysis against raw EC2. We had to implement pretty strict cluster policies to stop people from spinning up massive all-purpose clusters and forgetting about them. Our monthly bill has more variance than I'd like.
- Vendor lock-in is the elephant in the room. Once you're building everything on Delta, Unity Catalog, and MLflow, the exit ramp looks very, very steep. Management loves the single pane of glass, but my inner cynic is cautious.

Overall, it's a solid 7/10. It's solved a lot of our DE/ML handoff friction but it's not a magic wand, and you pay a premium for the convenience. YMMV, of course.","MLE thoughts after 6 months on Databricks - is the 'unified platform' dream real? Hey r/dataengineering,

My team (4 MLEs, 2 DEs) has been on Databricks (AWS, DBR 13.3 LTS) for about two quarters now, and I wanted to share some balanced thoughts from the ML side of the house. Before this, we were a mix-and-match shop: S3, Airflow for orchestration, EMR for big jobs, and SageMaker for training/endpoints.

The Good:
- The collaborative notebook environment is legitimately great for EDA and feature engineering. Connecting a cluster and having Spark available instantly without wrestling with local configs or docker-compose is a huge productivity boost.
- The MLflow integration is *tight*. Autologging parameters and metrics from our PyTorch training runs is seamless. It's saved us from the 'experiment_final_final_v3.csv' nightmare. Our junior engineers got up to speed on this way faster than our old system.
- Delta Lake. Being able to time-travel our feature store table after a bad upstream merge literally saved us a week of work last month. For a stateful system, it's a game-changer.

The Meh:
- The Model Serving feels a bit... tacked on? We saw some pretty gnarly cold starts (~20-30s) on the standard GPU endpoints compared to our old SageMaker setup. We're exploring the newer provisioned throughput options, but it feels less mature than dedicated serving tools.
- Cost management is a whole new skill. The DBU is a useful abstraction but also makes it hard to do apples-to-apples cost analysis against raw EC2. We had to implement pretty strict cluster policies to stop people from spinning up massive all-purpose clusters and forgetting about them. Our monthly bill has more variance than I'd like.
- Vendor lock-in is the elephant in the room. Once you're building everything on Delta, Unity Catalog, and MLflow, the exit ramp looks very, very steep. Management loves the single pane of glass, but my inner cynic is cautious.

Overall, it's a solid 7/10. It's solved a lot of our DE/ML handoff friction but it's not a magic wan"
d072775f1c7496754fbe7fbbb651ff8e,g2,dbt Cloud,dbt Cloud,An Exercise in Frustration: dbt Cloud Fails at Enterprise Scale,"Pros: The core premise of dbt is undeniably powerful. Using simple SQL `SELECT` statements as version-controlled data models is a paradigm shift that significantly lowered the barrier to entry for our junior analysts. The automatic dependency graphing (DAG) was great for visualizing our initial, smaller projects, and integrating with our Git repository was straightforward. For a small team just starting out, the initial setup and the guided workflow feel slick. The documentation for dbt Core, which underpins the platform, is excellent and helped us get our first few models up and running within a week. It provided a glimpse of a better way to do data transformation.

Cons: Unfortunately, the promise of dbt Cloud crumbles under any real-world enterprise pressure. The pricing model is punitive, charging per-seat for what is essentially a glorified text editor and cron job runner. This immediately created a barrier to adoption beyond the core data team. The web-based IDE is agonizingly slow, frequently crashes, and lacks features of a proper local development environment, forcing our team to develop locally anyway, which defeats the purpose of the integrated platform. Job scheduling is unreliable, with frequent 'ghost runs' and a lack of robust alerting or retry mechanisms, causing us to miss SLAs. We’ve spent more time debugging the platform's flakiness and building workarounds for its poor CI/CD integration than we have building actual models. The governance features are a joke for a company our size. We ultimately felt like we were paying a massive premium for a buggy wrapper around the open-source dbt Core.

Use case: We are a mid-sized enterprise with a central data team of 15 engineers. We adopted dbt Cloud to manage our transformation layer on top of Snowflake, migrating from a mix of legacy stored procedures and brittle Python scripts. Our goal was to build a governed and reliable set of data marts to power executive dashboards in Tableau and feed curated datasets to our data science teams. The project involves over 500 models with complex interdependencies.

Recommendation: Absolutely not. The cost and instability make it an unacceptable risk for any serious business function. Use the excellent open-source dbt Core and orchestrate it yourself with a tool like Airflow or Dagster. You'll end up with a more reliable, scalable, and cost-effective solution.","An Exercise in Frustration: dbt Cloud Fails at Enterprise Scale Pros: The core premise of dbt is undeniably powerful. Using simple SQL `SELECT` statements as version-controlled data models is a paradigm shift that significantly lowered the barrier to entry for our junior analysts. The automatic dependency graphing (DAG) was great for visualizing our initial, smaller projects, and integrating with our Git repository was straightforward. For a small team just starting out, the initial setup and the guided workflow feel slick. The documentation for dbt Core, which underpins the platform, is excellent and helped us get our first few models up and running within a week. It provided a glimpse of a better way to do data transformation.

Cons: Unfortunately, the promise of dbt Cloud crumbles under any real-world enterprise pressure. The pricing model is punitive, charging per-seat for what is essentially a glorified text editor and cron job runner. This immediately created a barrier to adoption beyond the core data team. The web-based IDE is agonizingly slow, frequently crashes, and lacks features of a proper local development environment, forcing our team to develop locally anyway, which defeats the purpose of the integrated platform. Job scheduling is unreliable, with frequent 'ghost runs' and a lack of robust alerting or retry mechanisms, causing us to miss SLAs. We’ve spent more time debugging the platform's flakiness and building workarounds for its poor CI/CD integration than we have building actual models. The governance features are a joke for a company our size. We ultimately felt like we were paying a massive premium for a buggy wrapper around the open-source dbt Core.

Use case: We are a mid-sized enterprise with a central data team of 15 engineers. We adopted dbt Cloud to manage our transformation layer on top of Snowflake, migrating from a mix of legacy stored procedures and brittle Python scripts. Our goal was to build a governed and reliable set of data marts to power executive dashboards in Tableau and fe"
348ec0443e8eda331bf36a7bec3c52b0,reddit,dbt Cloud,dbt Cloud,Re: dbt Cloud: Is the managed service convenience worth the trade-offs after 1 year?,"I have the opposite take! I don't know what GitLab CI is and I don't want to. I came from a world of emailing SQL scripts. The dbt Cloud IDE lets me contribute to production data models safely. It's been the single biggest enabler for me to move into a more technical role. Our company pays for it, not me, so I love it.","Re: dbt Cloud: Is the managed service convenience worth the trade-offs after 1 year? I have the opposite take! I don't know what GitLab CI is and I don't want to. I came from a world of emailing SQL scripts. The dbt Cloud IDE lets me contribute to production data models safely. It's been the single biggest enabler for me to move into a more technical role. Our company pays for it, not me, so I love it."
a6d28b7d08ed13efa96f17ed8f501872,reddit,Starburst,Starburst,Re: Rant: Is anyone else getting absolutely wrecked by Starburst Enterprise stability?,"This sounds more like a configuration problem than a Starburst problem. Are you running with default memory settings? Federation with RDS is tricky; you need to configure dynamic filtering and tune the connector properties properly. You can't just set it up and expect it to work perfectly out of the box. We have a huge SEP deployment and it's solid, but it took a dedicated platform team 3 months of tuning. This isn't a tool for a team without DE resources to manage it.","Re: Rant: Is anyone else getting absolutely wrecked by Starburst Enterprise stability? This sounds more like a configuration problem than a Starburst problem. Are you running with default memory settings? Federation with RDS is tricky; you need to configure dynamic filtering and tune the connector properties properly. You can't just set it up and expect it to work perfectly out of the box. We have a huge SEP deployment and it's solid, but it took a dedicated platform team 3 months of tuning. This isn't a tool for a team without DE resources to manage it."
6404406294f82f14695053d3732e65c9,twitter,Microsoft Fabric,Microsoft Fabric,The amount of marketing hype around Microsoft Fabric vs the actual engineering r,Unpopular opinion: Fabric is 5 years behind Databricks on the lakehouse/compute side and 5 years behind Snowflake on the warehouse side. Trying to be both means it's not truly excellent at either. It's a compromise engine.,The amount of marketing hype around Microsoft Fabric vs the actual engineering r Unpopular opinion: Fabric is 5 years behind Databricks on the lakehouse/compute side and 5 years behind Snowflake on the warehouse side. Trying to be both means it's not truly excellent at either. It's a compromise engine.
246b27cd5782b01a5a024de6460f7346,reddit,Snowflake,Snowflake,"Was a huge skeptic, but Snowpark is actually making my life easier as an MLE.","Posting here because my team's experience might be useful for other ML folks stuck in data engineering land. I'm one of 3 MLEs at my company, and for the longest time our workflow was a nightmare. We'd pull data from a dozen Postgres replicas and flat files in S3, try to wrangle it in pandas on our local machines (lol) or a single beefy EC2 instance, and things would constantly break. Our data eng team migrated everything to Snowflake about a year ago, and honestly, I thought it was just an overpriced BI tool. I was dreading using the slow JDBC connector to pull massive datasets for feature engineering.

Then we started playing with Snowpark. Game changer. We just rewrote our main batch feature generation pipeline, which processes about 800GB of raw event data to create user-level aggregates. The old PySpark job on EMR took 2.5 hours and was a pain to maintain. The new version uses Snowpark DataFrames and a few Python UDFs. The whole thing now runs in under 25 minutes on a 'Medium' warehouse. We even have a UDF that uses the `holidays` package to flag promotional periods, which was surprisingly easy to set up via the integrated Anaconda channel.

It's not perfect, of course. The cold start on a resumed warehouse can be annoying. And cost is a real concern – you have to be super disciplined about setting auto-suspend timers. We had a junior engineer leave an X-Large warehouse running over the weekend once... that was a fun conversation with finance. And for real-time inference, you'd still want a dedicated feature store. But for 90% of our batch feature engineering and model scoring work, pushing the compute *to* the data instead of pulling the data *to* our compute has been a massive win. YMMV but it's way better than I expected.","Was a huge skeptic, but Snowpark is actually making my life easier as an MLE. Posting here because my team's experience might be useful for other ML folks stuck in data engineering land. I'm one of 3 MLEs at my company, and for the longest time our workflow was a nightmare. We'd pull data from a dozen Postgres replicas and flat files in S3, try to wrangle it in pandas on our local machines (lol) or a single beefy EC2 instance, and things would constantly break. Our data eng team migrated everything to Snowflake about a year ago, and honestly, I thought it was just an overpriced BI tool. I was dreading using the slow JDBC connector to pull massive datasets for feature engineering.

Then we started playing with Snowpark. Game changer. We just rewrote our main batch feature generation pipeline, which processes about 800GB of raw event data to create user-level aggregates. The old PySpark job on EMR took 2.5 hours and was a pain to maintain. The new version uses Snowpark DataFrames and a few Python UDFs. The whole thing now runs in under 25 minutes on a 'Medium' warehouse. We even have a UDF that uses the `holidays` package to flag promotional periods, which was surprisingly easy to set up via the integrated Anaconda channel.

It's not perfect, of course. The cold start on a resumed warehouse can be annoying. And cost is a real concern – you have to be super disciplined about setting auto-suspend timers. We had a junior engineer leave an X-Large warehouse running over the weekend once... that was a fun conversation with finance. And for real-time inference, you'd still want a dedicated feature store. But for 90% of our batch feature engineering and model scoring work, pushing the compute *to* the data instead of pulling the data *to* our compute has been a massive win. YMMV but it's way better than I expected."
0ea3517c78b2e872aa300845a61686ea,g2,SageMaker,SageMaker,A Powerful but Fragmented MLOps Suite with a Steep Learning Curve,"Pros: The breadth of SageMaker's capabilities is its strongest asset. The integration with the rest of the AWS ecosystem is seamless; using S3 for data storage, IAM for granular permissions, and Lambda for triggering pipelines is incredibly powerful. For our team, SageMaker Pipelines has been a significant step up from cron jobs running scripts, providing a structured way to orchestrate training, evaluation, and deployment. The managed infrastructure for training jobs is a huge plus, allowing our data scientists to scale up to powerful GPU instances without deep DevOps knowledge. The Feature Store, while requiring some setup, has started to pay dividends in reducing redundant data engineering work. It offers a true end-to-end platform, from data labeling with Ground Truth to one-click deployment with SageMaker Endpoints, which is hard to find elsewhere. We've managed to consolidate what used to be a half-dozen disparate tools into a single, albeit complex, workflow.

Cons: SageMaker often feels less like a single product and more like a collection of loosely-coupled services. The developer experience can be inconsistent across components, and there's a steep learning curve that requires significant AWS-specific knowledge, beyond just ML skills. This slowed down our team's adoption compared to our previous, simpler setup on self-managed EC2 instances with JupyterHub. Cost management is a constant battle; it's difficult to forecast expenses accurately, and we've had several surprise bills from forgotten endpoints or long-running Studio instances. The vendor lock-in is also a major concern. The platform heavily encourages a SageMaker-specific way of building models and pipelines, making it challenging to imagine migrating our work to another cloud or on-prem environment in the future. It's powerful, but that power comes at the cost of complexity and flexibility.

Use case: As a mid-sized fintech company, we use SageMaker to develop, train, and deploy our fraud detection and credit risk models. Our data scientists use SageMaker Studio as their primary IDE for model experimentation. We have implemented several SageMaker Pipelines to automate the retraining of our models on a monthly basis, pulling data from our S3 data lake. The final models are deployed to real-time inference endpoints, which are consumed by our transaction processing system to provide risk scores.

Recommendation: I would recommend SageMaker cautiously. If your organization is already deeply embedded in the AWS ecosystem and has the engineering resources to tackle the complexity, it's a powerful choice. However, smaller teams or those prioritizing simplicity and open-source tooling should evaluate lighter-weight alternatives first.","A Powerful but Fragmented MLOps Suite with a Steep Learning Curve Pros: The breadth of SageMaker's capabilities is its strongest asset. The integration with the rest of the AWS ecosystem is seamless; using S3 for data storage, IAM for granular permissions, and Lambda for triggering pipelines is incredibly powerful. For our team, SageMaker Pipelines has been a significant step up from cron jobs running scripts, providing a structured way to orchestrate training, evaluation, and deployment. The managed infrastructure for training jobs is a huge plus, allowing our data scientists to scale up to powerful GPU instances without deep DevOps knowledge. The Feature Store, while requiring some setup, has started to pay dividends in reducing redundant data engineering work. It offers a true end-to-end platform, from data labeling with Ground Truth to one-click deployment with SageMaker Endpoints, which is hard to find elsewhere. We've managed to consolidate what used to be a half-dozen disparate tools into a single, albeit complex, workflow.

Cons: SageMaker often feels less like a single product and more like a collection of loosely-coupled services. The developer experience can be inconsistent across components, and there's a steep learning curve that requires significant AWS-specific knowledge, beyond just ML skills. This slowed down our team's adoption compared to our previous, simpler setup on self-managed EC2 instances with JupyterHub. Cost management is a constant battle; it's difficult to forecast expenses accurately, and we've had several surprise bills from forgotten endpoints or long-running Studio instances. The vendor lock-in is also a major concern. The platform heavily encourages a SageMaker-specific way of building models and pipelines, making it challenging to imagine migrating our work to another cloud or on-prem environment in the future. It's powerful, but that power comes at the cost of complexity and flexibility.

Use case: As a mid-sized fintech company, we use SageMaker to develop, train, and deploy "
a5dea2e395266188337f97f63a61b68a,reddit,AWS Redshift,AWS Redshift,Re: Is Redshift just a legacy product at this point? The maintenance overhead is killing us.,"I feel your pain on the VACUUM dance. We wrote a bunch of Lambda functions that parse system tables like SVV_TABLE_INFO to find tables with high stats_off or unsorted percentages and then trigger the maintenance jobs automatically. It's a clunky Rube Goldberg machine and we shouldn't have to build it, but it's better than doing it manually. Happy to share the scripts if you want.","Re: Is Redshift just a legacy product at this point? The maintenance overhead is killing us. I feel your pain on the VACUUM dance. We wrote a bunch of Lambda functions that parse system tables like SVV_TABLE_INFO to find tables with high stats_off or unsorted percentages and then trigger the maintenance jobs automatically. It's a clunky Rube Goldberg machine and we shouldn't have to build it, but it's better than doing it manually. Happy to share the scripts if you want."
3e49cbcd395486f192e68a48bc6f8ea1,linkedin,Databricks,Databricks,,"A few years ago, we made a significant bet on Databricks to unify our data processing and ML workflows. The goal was ambitious: provide our team of ~50 data scientists and engineers a single platform to go from raw data to production models for our real-time personalization engine. On many fronts, it was a success. We accelerated initial model deployment and cut down on the infrastructure wrangling that plagued our earlier, more fragmented stack.

Lately, though, we're hitting some growing pains as we scale. The 'all-in-one' promise is powerful, but it comes with its own brand of complexity. Our biggest challenge has been around cost governance and predictability. The unit economics of a single job are clear, but understanding and forecasting the total cost across dozens of teams, sprawling interactive clusters, and automated jobs has become a full-time job for our FinOps partners. The abstraction is useful until you get the bill.

We're also finding the developer experience requires more specialization than anticipated. While notebooks are fantastic for exploration, the path to production-grade, modular, and testable code within the ecosystem isn't as seamless as we'd like. This has led to our platform team spending more cycles building guardrails and custom tooling to bridge that gap, slightly eroding the 'out-of-the-box' value proposition.

We're not looking to rip and replace—the switching cost would be immense. Instead, we're focused on a period of critical evaluation: How can we impose stricter governance without stifling innovation? What's the right balance between using the platform's integrated tools versus best-in-class external ones? It's a classic platform-vs-composable dilemma, just playing out inside a single vendor's ecosystem.","A few years ago, we made a significant bet on Databricks to unify our data processing and ML workflows. The goal was ambitious: provide our team of ~50 data scientists and engineers a single platform to go from raw data to production models for our real-time personalization engine. On many fronts, it was a success. We accelerated initial model deployment and cut down on the infrastructure wrangling that plagued our earlier, more fragmented stack.

Lately, though, we're hitting some growing pains as we scale. The 'all-in-one' promise is powerful, but it comes with its own brand of complexity. Our biggest challenge has been around cost governance and predictability. The unit economics of a single job are clear, but understanding and forecasting the total cost across dozens of teams, sprawling interactive clusters, and automated jobs has become a full-time job for our FinOps partners. The abstraction is useful until you get the bill.

We're also finding the developer experience requires more specialization than anticipated. While notebooks are fantastic for exploration, the path to production-grade, modular, and testable code within the ecosystem isn't as seamless as we'd like. This has led to our platform team spending more cycles building guardrails and custom tooling to bridge that gap, slightly eroding the 'out-of-the-box' value proposition.

We're not looking to rip and replace—the switching cost would be immense. Instead, we're focused on a period of critical evaluation: How can we impose stricter governance without stifling innovation? What's the right balance between using the platform's integrated tools versus best-in-class external ones? It's a classic platform-vs-composable dilemma, just playing out inside a single vendor's ecosystem."
3c62ba5ec893b781f5dde8d0730c618f,twitter,Microsoft Fabric,Microsoft Fabric,Kicking the tires on Microsoft Fabric for a potential migration. The 'all-in-one,Kicking the tires on Microsoft Fabric for a potential migration. The 'all-in-one' promise is massive. Skeptical but intrigued. First stop: figuring out how OneLake *actually* works vs. our existing ADLS Gen2 setup.,Kicking the tires on Microsoft Fabric for a potential migration. The 'all-in-one Kicking the tires on Microsoft Fabric for a potential migration. The 'all-in-one' promise is massive. Skeptical but intrigued. First stop: figuring out how OneLake *actually* works vs. our existing ADLS Gen2 setup.
2126418410a18aacb8ed11e9ce97379e,twitter,dbt,dbt,unpopular opinion: Jinja is the single biggest drag on dbt's potential. we're wr,I say this with love. dbt is still the most transformational tool in the data stack in the last 5 years. Hands down. But it's time for its programming model to grow up.,unpopular opinion: Jinja is the single biggest drag on dbt's potential. we're wr I say this with love. dbt is still the most transformational tool in the data stack in the last 5 years. Hands down. But it's time for its programming model to grow up.
c285f82ed38028596d25405873ab8d45,linkedin,Google BigQuery,Google BigQuery,,"Thanks for sharing your journey. The shift to a cost-governance model is a common theme, and BigQuery's built-in tools for custom quotas and cost controls are designed to help with that. The hybrid pricing model mentioned below is a great strategy many enterprises use to balance flexibility with predictability. Happy to share some resources on that front.","Thanks for sharing your journey. The shift to a cost-governance model is a common theme, and BigQuery's built-in tools for custom quotas and cost controls are designed to help with that. The hybrid pricing model mentioned below is a great strategy many enterprises use to balance flexibility with predictability. Happy to share some resources on that front."
15b03b1286450f1c854b84918259c144,g2,Microsoft Fabric,Microsoft Fabric,"A True Unified Analytics Platform, With a Few Growing Pains","Pros: The biggest win with Fabric is the genuine unification of our data stack. We migrated from a combination of Azure Synapse, Data Factory, and separate Power BI Premium capacities. The single SaaS experience is a dream for administration. OneLake acting as a 'OneDrive for data' isn't just marketing—it's functionally brilliant. Having a single copy of our data in Delta format, accessible by Spark notebooks for engineering and Power BI via DirectLake for reporting, has eliminated so much data movement and duplication. DirectLake mode is a standout feature, providing near real-time performance on our semantic models without the import/refresh bottleneck. This has drastically improved developer productivity and collaboration between our data engineering and analytics teams, who now work in the same workspace.

Cons: While powerful, Fabric is still maturing. In our first few months, we encountered occasional service instability and UI quirks, though Microsoft's release cadence has addressed most of these. The Git integration for source control, while present, feels less mature than what we were used to with Databricks Repos or dedicated CI/CD tools for SQL. It can be clunky, especially with multiple developers. Team adoption also had a learning curve; analysts comfortable with Power BI dataflows had to adapt to Dataflow Gen2, and engineers had to learn the nuances of Fabric's Spark environment. Lastly, predicting and managing capacity costs requires active monitoring. It's easy to spin up a compute-intensive job that burns through capacity units if you're not careful.

Use case: We've implemented Fabric as our central enterprise analytics platform, replacing a fragmented Azure data estate. Our primary use case is building a lakehouse architecture for financial and operational reporting. We ingest data from various sources like SAP and Salesforce using Data Pipelines, perform complex transformations and data modeling using Spark notebooks in the Lakehouse, and serve the curated data to business users via Power BI semantic models running in DirectLake mode. This provides a single source of truth for both enterprise reporting and departmental self-service analytics.

Recommendation: Absolutely. For organizations heavily invested in the Azure and Power BI ecosystem, the benefits of integration, simplified architecture, and reduced data duplication are undeniable. It accelerates development and empowers teams to deliver insights faster, despite some minor growing pains of a new platform.","A True Unified Analytics Platform, With a Few Growing Pains Pros: The biggest win with Fabric is the genuine unification of our data stack. We migrated from a combination of Azure Synapse, Data Factory, and separate Power BI Premium capacities. The single SaaS experience is a dream for administration. OneLake acting as a 'OneDrive for data' isn't just marketing—it's functionally brilliant. Having a single copy of our data in Delta format, accessible by Spark notebooks for engineering and Power BI via DirectLake for reporting, has eliminated so much data movement and duplication. DirectLake mode is a standout feature, providing near real-time performance on our semantic models without the import/refresh bottleneck. This has drastically improved developer productivity and collaboration between our data engineering and analytics teams, who now work in the same workspace.

Cons: While powerful, Fabric is still maturing. In our first few months, we encountered occasional service instability and UI quirks, though Microsoft's release cadence has addressed most of these. The Git integration for source control, while present, feels less mature than what we were used to with Databricks Repos or dedicated CI/CD tools for SQL. It can be clunky, especially with multiple developers. Team adoption also had a learning curve; analysts comfortable with Power BI dataflows had to adapt to Dataflow Gen2, and engineers had to learn the nuances of Fabric's Spark environment. Lastly, predicting and managing capacity costs requires active monitoring. It's easy to spin up a compute-intensive job that burns through capacity units if you're not careful.

Use case: We've implemented Fabric as our central enterprise analytics platform, replacing a fragmented Azure data estate. Our primary use case is building a lakehouse architecture for financial and operational reporting. We ingest data from various sources like SAP and Salesforce using Data Pipelines, perform complex transformations and data modeling using Spark notebooks in the Lakehouse,"
2d5b5915e5f59a05c332b76fca899c5e,reddit,Databricks,Databricks,Re: Just finished our 6-month migration from self-hosted EMR/Airflow to Databricks. My honest take.,"Feel the EMR pain. We evaluated Databricks but went with Snowflake + dbt Cloud instead. It's a different world – much more SQL-centric and less flexible for our Python folks, but the cost is predictable and the data sharing is killer. We still use a small Databricks workspace for some ML workloads. Seems like the modern stack is about using the best tool for the job, not one platform to rule them all. Curious how you're managing cost controls beyond just cluster policies?","Re: Just finished our 6-month migration from self-hosted EMR/Airflow to Databricks. My honest take. Feel the EMR pain. We evaluated Databricks but went with Snowflake + dbt Cloud instead. It's a different world – much more SQL-centric and less flexible for our Python folks, but the cost is predictable and the data sharing is killer. We still use a small Databricks workspace for some ML workloads. Seems like the modern stack is about using the best tool for the job, not one platform to rule them all. Curious how you're managing cost controls beyond just cluster policies?"
b840fabc6051545923fea654fecbe7f8,twitter,dbt Cloud,dbt Cloud,Seeing a lot of teams weigh a move from dbt Core to dbt Cloud. It's more than ju,Unpopular opinion: The technical migration is the easy part. The hard part is aligning your team's development habits and Git workflow to the more opinionated dbt Cloud way of doing things. Culture > code.,Seeing a lot of teams weigh a move from dbt Core to dbt Cloud. It's more than ju Unpopular opinion: The technical migration is the easy part. The hard part is aligning your team's development habits and Git workflow to the more opinionated dbt Cloud way of doing things. Culture > code.
ca8c41d8c5da03668a80fe59a8bcdfba,reddit,Firebolt,Firebolt,Re: We ran a PoC on Firebolt for our analytics dashboards. Some thoughts vs. Snowflake.,"Wow, 60s to 5s is a huge deal for us on the analytics side. Our main product dashboard is borderline unusable because of query times. How was the Looker integration? Did you have to do a lot of custom LookML or was it a simple connection swap? Also curious if you saw cost savings over the two weeks. Our Snowflake bill is getting scary.","Re: We ran a PoC on Firebolt for our analytics dashboards. Some thoughts vs. Snowflake. Wow, 60s to 5s is a huge deal for us on the analytics side. Our main product dashboard is borderline unusable because of query times. How was the Looker integration? Did you have to do a lot of custom LookML or was it a simple connection swap? Also curious if you saw cost savings over the two weeks. Our Snowflake bill is getting scary."
4859e4f9fab1cfc8549e965a41ed6314,twitter,Microsoft Fabric,Microsoft Fabric,"Been kicking the tires on Microsoft Fabric. The unified platform is powerful, bu",The context switching is real. Jumping from a Dataflow Gen2 to a Notebook to a Power BI dataset feels... disjointed. They all live in the same house but they don't talk to each other as much as the brochure promised.,"Been kicking the tires on Microsoft Fabric. The unified platform is powerful, bu The context switching is real. Jumping from a Dataflow Gen2 to a Notebook to a Power BI dataset feels... disjointed. They all live in the same house but they don't talk to each other as much as the brochure promised."
3a8ebc2370f729317544769c204eec5c,reddit,Vertex AI,Vertex AI,Re: Vertex AI: The 'easy button' for MLOps that costs you your sanity,"Gotta push back here a bit. There's a steep learning curve, for sure, but you're glossing over the good parts. The Feature Store is legitimately best-in-class, and having a managed Model Registry that integrates with CI/CD and monitoring is a huge win over a self-hosted solution. It sounds like your team is trying to fight the platform instead of adopting the 'Vertex way' of doing things. The SDK issues are real, but they've been getting better with the last few releases. Don't throw the baby out with the bathwater.","Re: Vertex AI: The 'easy button' for MLOps that costs you your sanity Gotta push back here a bit. There's a steep learning curve, for sure, but you're glossing over the good parts. The Feature Store is legitimately best-in-class, and having a managed Model Registry that integrates with CI/CD and monitoring is a huge win over a self-hosted solution. It sounds like your team is trying to fight the platform instead of adopting the 'Vertex way' of doing things. The SDK issues are real, but they've been getting better with the last few releases. Don't throw the baby out with the bathwater."
dfc93d7cad26b8909860ed7e10ae09ba,twitter,Snowflake,Snowflake,"Snowflake's ambition to be the ""data cloud"" is huge. SQL, Snowpark, apps, stream","The core SQL warehouse is still elite. The simplicity of scaling compute for different workloads is unmatched. For analytics and BI, it's fast, reliable, and the query optimizer is solid. Hard to argue with the core product.","Snowflake's ambition to be the ""data cloud"" is huge. SQL, Snowpark, apps, stream The core SQL warehouse is still elite. The simplicity of scaling compute for different workloads is unmatched. For analytics and BI, it's fast, reliable, and the query optimizer is solid. Hard to argue with the core product."
0e1911e02a1750320ecc0fcbf95f35e8,twitter,Google BigQuery,Google BigQuery,Kicking off a PoC to migrate off BigQuery. The promise of 'serverless' is great ,Kicking off a PoC to migrate off BigQuery. The promise of 'serverless' is great until you get the bill. The slot pricing model is opaque and makes budget forecasting a nightmare.,Kicking off a PoC to migrate off BigQuery. The promise of 'serverless' is great  Kicking off a PoC to migrate off BigQuery. The promise of 'serverless' is great until you get the bill. The slot pricing model is opaque and makes budget forecasting a nightmare.
61b3b6a851e3addbfd4eb2530e8138d8,linkedin,Starburst,Starburst,,This makes so much sense. A few quarters ago our dashboards became almost unusable and we kept hearing about 'query tuning issues' from the data team. It was a real productivity killer for the business side. Glad to know there was a reason and that we're moving to a more stable solution.,This makes so much sense. A few quarters ago our dashboards became almost unusable and we kept hearing about 'query tuning issues' from the data team. It was a real productivity killer for the business side. Glad to know there was a reason and that we're moving to a more stable solution.
db172422f7a01df32c28ec446f41d700,linkedin,AWS Redshift,AWS Redshift,,"This really resonates. For my team, the key is 'time-to-insight.' A technically fast platform that's difficult for analysts to use or understand can create bottlenecks elsewhere. In your evaluation, how did you weigh the end-user experience of connecting tools like Tableau or Power BI and the simplicity of writing queries versus raw performance benchmarks? That's often the hidden ROI.","This really resonates. For my team, the key is 'time-to-insight.' A technically fast platform that's difficult for analysts to use or understand can create bottlenecks elsewhere. In your evaluation, how did you weigh the end-user experience of connecting tools like Tableau or Power BI and the simplicity of writing queries versus raw performance benchmarks? That's often the hidden ROI."
6d3fd8b98904aa3d9a4600d9b9f16321,reddit,Databricks,Databricks,"Re: Our small analytics team finished a Redshift -> Databricks migration. Holy smokes, what a difference.","Give it six months. Wait until you have to debug a cryptic JVM error inside a notebook that only fails when the source data has a specific emoji in it. The happy path is great, but the second you step off it, you're digging through Spark UI logs from 2007. The pretty UI hides a lot of complexity. It's great for AEs until it isn't, and then it becomes a DE's problem.","Re: Our small analytics team finished a Redshift -> Databricks migration. Holy smokes, what a difference. Give it six months. Wait until you have to debug a cryptic JVM error inside a notebook that only fails when the source data has a specific emoji in it. The happy path is great, but the second you step off it, you're digging through Spark UI logs from 2007. The pretty UI hides a lot of complexity. It's great for AEs until it isn't, and then it becomes a DE's problem."
3f85683fbcd1d5e6fcb4594b922557ee,linkedin,Trino,Trino,,"Great summary of the journey! From an implementation view, the connector-based architecture was key. Standing up a connection to a new source is now a configuration task, not a major development effort. It has freed up my engineers to focus on higher-value work like data governance and performance tuning instead of just moving data around.","Great summary of the journey! From an implementation view, the connector-based architecture was key. Standing up a connection to a new source is now a configuration task, not a major development effort. It has freed up my engineers to focus on higher-value work like data governance and performance tuning instead of just moving data around."
d9278cf79636866e79c50ba934514268,linkedin,AWS Redshift,AWS Redshift,,"The impact on our product development cycle has been incredible. Before, we'd wait days for analysis on feature adoption. Now, we can get that data within hours, allowing us to iterate much faster. Being able to A/B test a new feature and quickly understand user segmentation based on behavior has been a true competitive advantage. This was a fantastic initiative.","The impact on our product development cycle has been incredible. Before, we'd wait days for analysis on feature adoption. Now, we can get that data within hours, allowing us to iterate much faster. Being able to A/B test a new feature and quickly understand user segmentation based on behavior has been a true competitive advantage. This was a fantastic initiative."
a77f368d65a852874a9499e8384ac5fd,reddit,Snowflake,Snowflake,Just got our first full-month Snowflake bill after migrating from Redshift. Oof.,"So my team (5 DEs, ~20 analysts) just finished a 6-month migration from our old Redshift dc2.large cluster to Snowflake. The sales pitch was all about 'infinite scale,' 'zero management,' and 'pay for what you use.' Sounds great, right?

Well, the bill just dropped and my manager's face went white. We're looking at nearly 3x our old Redshift bill, and that was *supposedly* more expensive. The main culprit seems to be our BI users. They're used to just throwing queries at the wall and seeing what sticks. On Redshift, it would just get slow. On Snowflake, a few poorly written analyst queries with cross joins on a couple of 500M row tables spun up a Medium warehouse for 45 minutes straight. We had auto-suspend set to 5 mins, but a constant stream of queries kept it alive.

We're trying to enforce query tagging and set up resource monitors now, but it feels like we're playing whack-a-mole. The 'simplicity' just hides the cost complexity. It's so easy to accidentally spend a thousand bucks before lunch. Our dbt runs are also taking way more credits than we projected; a full-refresh on our core models using a Large WH is now a scheduled 'budget event' we have to plan for.

Is this normal? Did we totally mess up our setup or is this the 'Snowflake experience' they don't put in the marketing materials? Seriously questioning this move right now. YMMV but this has been a painful lesson.","Just got our first full-month Snowflake bill after migrating from Redshift. Oof. So my team (5 DEs, ~20 analysts) just finished a 6-month migration from our old Redshift dc2.large cluster to Snowflake. The sales pitch was all about 'infinite scale,' 'zero management,' and 'pay for what you use.' Sounds great, right?

Well, the bill just dropped and my manager's face went white. We're looking at nearly 3x our old Redshift bill, and that was *supposedly* more expensive. The main culprit seems to be our BI users. They're used to just throwing queries at the wall and seeing what sticks. On Redshift, it would just get slow. On Snowflake, a few poorly written analyst queries with cross joins on a couple of 500M row tables spun up a Medium warehouse for 45 minutes straight. We had auto-suspend set to 5 mins, but a constant stream of queries kept it alive.

We're trying to enforce query tagging and set up resource monitors now, but it feels like we're playing whack-a-mole. The 'simplicity' just hides the cost complexity. It's so easy to accidentally spend a thousand bucks before lunch. Our dbt runs are also taking way more credits than we projected; a full-refresh on our core models using a Large WH is now a scheduled 'budget event' we have to plan for.

Is this normal? Did we totally mess up our setup or is this the 'Snowflake experience' they don't put in the marketing materials? Seriously questioning this move right now. YMMV but this has been a painful lesson."
1742f39c67b6959584d8db9476774fe9,linkedin,SageMaker,SageMaker,,"From my team's perspective, the integration with AWS Step Functions and EventBridge is a massive plus. It offers a clear path to building robust, automated pipelines that we currently struggle to maintain. My main concern is governance and cost control. Before we commit, we'll need a solid strategy for IAM roles, VPC configurations, and budget alerts to avoid unexpected bills.","From my team's perspective, the integration with AWS Step Functions and EventBridge is a massive plus. It offers a clear path to building robust, automated pipelines that we currently struggle to maintain. My main concern is governance and cost control. Before we commit, we'll need a solid strategy for IAM roles, VPC configurations, and budget alerts to avoid unexpected bills."
3ddb75a1d320dd6de619c23564c73350,twitter,dbt,dbt,Unpopular opinion: dbt is a better starting point for most ML feature engineerin,"The core value prop for ML is simple: version-controlled, tested, and documented feature logic. No more spelunking through 500-line Python scripts to understand what `feature_v3_final_final` actually means.","Unpopular opinion: dbt is a better starting point for most ML feature engineerin The core value prop for ML is simple: version-controlled, tested, and documented feature logic. No more spelunking through 500-line Python scripts to understand what `feature_v3_final_final` actually means."
657ab1f87cb3842f147ccaf527349b3e,reddit,Databricks,Databricks,Re: Is anyone else getting absolutely rinsed by Databricks costs for basic DS work?,"YMMV. For us, the cost is justified. MLflow is tightly integrated, the feature store works (mostly), and our security team would never approve a bunch of DS connecting local machines to production data. The governance is the feature we're paying for. But yeah, for a small team without strict compliance needs, it's definitely overkill. It's an enterprise tool with an enterprise price tag.","Re: Is anyone else getting absolutely rinsed by Databricks costs for basic DS work? YMMV. For us, the cost is justified. MLflow is tightly integrated, the feature store works (mostly), and our security team would never approve a bunch of DS connecting local machines to production data. The governance is the feature we're paying for. But yeah, for a small team without strict compliance needs, it's definitely overkill. It's an enterprise tool with an enterprise price tag."
0f764bafbc2699368164e2e93cb51968,reddit,SageMaker,SageMaker,We moved our MLOps from a messy Airflow+EC2 setup to SageMaker Pipelines. My thoughts as a DE.,"So my team (2 DEs, 4 DS) finally bit the bullet and tried to properly productionize our ML workflows. Our old 'stack' was a joke: a bunch of Airflow DAGs triggering python scripts on EC2 instances, with data scientists just committing jupyter notebooks with hardcoded S3 paths. It was brittle, untraceable, and a nightmare to debug.

We spent the last quarter evaluating options and landed on a PoC with SageMaker. Specifically, SageMaker Pipelines, Processing Jobs, and the Feature Store.

**The Good:**
- The Processing Jobs are actually great. We took a massive feature engineering script that ran on a beefy c5.9xlarge for 3 hours and containerized it. Now it runs as a SageMaker Processing Job on a smaller `ml.m5.4xlarge` in about 40 minutes, and it's perfectly isolated. Being able to define dependencies in a `Dockerfile` instead of a giant `requirements.txt` is a game-changer.
- SageMaker Pipelines provide the lineage and reproducibility we were desperate for. The whole graph of 'get data -> process -> train -> evaluate -> register' is now a single definition. A DS can re-run a pipeline from 6 months ago and get the same model (assuming the base container/data hasn't changed).

**The Bad (and the Ugly):**
- The developer experience is... an acquired taste. The Python SDK (v2) is powerful but the documentation is dense. You spend half your time trying to figure out which IAM role needs `sagemaker:InvokeEndpoint` vs `sagemaker:CreateProcessingJob`.
- Debugging is a pain. When a pipeline step fails, you're digging through three different CloudWatch log groups to find a one-line stack trace. It's not intuitive at all.
- Vendor lock-in is real. We're now all-in on the AWS ecosystem. The Feature Store is nice, but it's not like you can easily point a GCP Vertex AI job at it. You have to commit to the kool-aid.

**Conclusion:** It's a massive improvement over our old mess, but it wasn't a silver bullet. It's a complex, powerful tool that requires a significant upfront investment in learning the AWS way of doing things. YMMV.","We moved our MLOps from a messy Airflow+EC2 setup to SageMaker Pipelines. My thoughts as a DE. So my team (2 DEs, 4 DS) finally bit the bullet and tried to properly productionize our ML workflows. Our old 'stack' was a joke: a bunch of Airflow DAGs triggering python scripts on EC2 instances, with data scientists just committing jupyter notebooks with hardcoded S3 paths. It was brittle, untraceable, and a nightmare to debug.

We spent the last quarter evaluating options and landed on a PoC with SageMaker. Specifically, SageMaker Pipelines, Processing Jobs, and the Feature Store.

**The Good:**
- The Processing Jobs are actually great. We took a massive feature engineering script that ran on a beefy c5.9xlarge for 3 hours and containerized it. Now it runs as a SageMaker Processing Job on a smaller `ml.m5.4xlarge` in about 40 minutes, and it's perfectly isolated. Being able to define dependencies in a `Dockerfile` instead of a giant `requirements.txt` is a game-changer.
- SageMaker Pipelines provide the lineage and reproducibility we were desperate for. The whole graph of 'get data -> process -> train -> evaluate -> register' is now a single definition. A DS can re-run a pipeline from 6 months ago and get the same model (assuming the base container/data hasn't changed).

**The Bad (and the Ugly):**
- The developer experience is... an acquired taste. The Python SDK (v2) is powerful but the documentation is dense. You spend half your time trying to figure out which IAM role needs `sagemaker:InvokeEndpoint` vs `sagemaker:CreateProcessingJob`.
- Debugging is a pain. When a pipeline step fails, you're digging through three different CloudWatch log groups to find a one-line stack trace. It's not intuitive at all.
- Vendor lock-in is real. We're now all-in on the AWS ecosystem. The Feature Store is nice, but it's not like you can easily point a GCP Vertex AI job at it. You have to commit to the kool-aid.

**Conclusion:** It's a massive improvement over our old mess, but it wasn't a silver bullet. It's a complex, powerful t"
7790d4c3d8bf81d892ea7f96a14c2852,linkedin,SageMaker,SageMaker,,"Couldn't agree more. The learning curve is a cliff. But once you're at the top, the view is incredible. For me, the game-changer was the integrated debugging and profiling tools. They've saved me countless hours trying to figure out why a training job was failing or running slow. I wouldn't want to go back.","Couldn't agree more. The learning curve is a cliff. But once you're at the top, the view is incredible. For me, the game-changer was the integrated debugging and profiling tools. They've saved me countless hours trying to figure out why a training job was failing or running slow. I wouldn't want to go back."
42268959c4843de83ede6005634be6bb,reddit,Firebolt,Firebolt,Re: Thoughts after a PoC with Firebolt vs. Snowflake for a specific dashboarding use case,"How was the SQL dialect compatibility? We have a ton of UDFs and complex window functions in our Snowflake models. Did you run into any major 'gotchas' when porting the logic over to Firebolt? Also, what about BI tool integration? Does it play nice with Tableau/Looker out of the box?","Re: Thoughts after a PoC with Firebolt vs. Snowflake for a specific dashboarding use case How was the SQL dialect compatibility? We have a ton of UDFs and complex window functions in our Snowflake models. Did you run into any major 'gotchas' when porting the logic over to Firebolt? Also, what about BI tool integration? Does it play nice with Tableau/Looker out of the box?"
996e2ebe10008e3ab7c5208c288e3e4f,reddit,Snowflake,Snowflake,"Re: Unpopular opinion? After our migration, I think Snowflake is actually worth the price tag.","100% this. We moved from Redshift two years ago and never looked back. People who complain about Snowflake cost are the ones who don't set up resource monitors and let the marketing team run `select *` on a 50TB table with a 2XL warehouse. Governance is the name of the game. Glad your migration went well, welcome to the club.","Re: Unpopular opinion? After our migration, I think Snowflake is actually worth the price tag. 100% this. We moved from Redshift two years ago and never looked back. People who complain about Snowflake cost are the ones who don't set up resource monitors and let the marketing team run `select *` on a 50TB table with a 2XL warehouse. Governance is the name of the game. Glad your migration went well, welcome to the club."
37c90d7380de16705b213072fdfdf12b,g2,Microsoft Fabric,Microsoft Fabric,A 'Unified' Platform That Unifies Only Frustration,"Pros: The theoretical vision of Microsoft Fabric is its strongest asset. Having a single interface for data ingestion, warehousing, data science, and BI is a compelling idea that simplifies user access management. The tight integration with Power BI is genuinely excellent; DirectLake mode offers impressive reporting performance when it works, and our business users appreciate the familiarity. For a team already heavily invested in the Azure ecosystem, some of the concepts felt familiar, which slightly eased the initial onboarding for our data engineers coming from Azure Data Factory and Synapse. The UI, while often changing, is at least visually consistent across the different 'experiences,' which helps in navigating the myriad of tools. It's a great concept on paper.

Cons: Unfortunately, the execution of the unified vision is a disaster. The platform feels like a perpetual public beta. We experience daily bugs, from notebooks losing state to pipeline triggers failing silently. Git integration is fundamentally unreliable, making CI/CD a high-risk activity. The SQL Warehouse performance is abysmal compared to our previous Snowflake environment; queries that ran in seconds now take minutes, if they don't time out. Capacity management is a nightmare of opaque metrics and unpredictable throttling. We spend more time debugging Fabric's esoteric capacity consumption than we do building data products. The promise of 'OneLake' with one copy of the data is misleading, as engine interoperability is poor and we often resort to duplicating data to get different components to work together. It's immature, unstable, and not ready for production workloads.

Use case: We attempted to migrate our entire analytics stack, previously based on Fivetran, Snowflake, dbt, and Power BI. The goal was to use Fabric as an all-in-one solution: Dataflow Gen2 for ingestion, Notebooks and SQL Warehouse for transformation, and Power BI for visualization. Due to severe performance and stability issues with the transformation layer, we are now only using Fabric as a backend for Power BI via DirectLake, while keeping our critical transformation logic in our legacy system. It has failed to replace our stack.

Recommendation: Absolutely not. Avoid Fabric for any critical production use case. The platform is far too immature and unstable. Wait at least another two years for Microsoft to work out the countless bugs and performance issues. A best-of-breed stack is still vastly superior and more reliable.","A 'Unified' Platform That Unifies Only Frustration Pros: The theoretical vision of Microsoft Fabric is its strongest asset. Having a single interface for data ingestion, warehousing, data science, and BI is a compelling idea that simplifies user access management. The tight integration with Power BI is genuinely excellent; DirectLake mode offers impressive reporting performance when it works, and our business users appreciate the familiarity. For a team already heavily invested in the Azure ecosystem, some of the concepts felt familiar, which slightly eased the initial onboarding for our data engineers coming from Azure Data Factory and Synapse. The UI, while often changing, is at least visually consistent across the different 'experiences,' which helps in navigating the myriad of tools. It's a great concept on paper.

Cons: Unfortunately, the execution of the unified vision is a disaster. The platform feels like a perpetual public beta. We experience daily bugs, from notebooks losing state to pipeline triggers failing silently. Git integration is fundamentally unreliable, making CI/CD a high-risk activity. The SQL Warehouse performance is abysmal compared to our previous Snowflake environment; queries that ran in seconds now take minutes, if they don't time out. Capacity management is a nightmare of opaque metrics and unpredictable throttling. We spend more time debugging Fabric's esoteric capacity consumption than we do building data products. The promise of 'OneLake' with one copy of the data is misleading, as engine interoperability is poor and we often resort to duplicating data to get different components to work together. It's immature, unstable, and not ready for production workloads.

Use case: We attempted to migrate our entire analytics stack, previously based on Fivetran, Snowflake, dbt, and Power BI. The goal was to use Fabric as an all-in-one solution: Dataflow Gen2 for ingestion, Notebooks and SQL Warehouse for transformation, and Power BI for visualization. Due to severe performance and stability "
24a5b5665932261c300d3ffacc1823d2,linkedin,SageMaker,SageMaker,,"This was a big win for operational efficiency. From an engineering perspective, SageMaker's integration with the rest of the AWS ecosystem simplified our CI/CD pipelines for ML immensely. We now have better governance, monitoring, and reproducibility, which has reduced the operational burden and risk significantly. A great cross-functional effort.","This was a big win for operational efficiency. From an engineering perspective, SageMaker's integration with the rest of the AWS ecosystem simplified our CI/CD pipelines for ML immensely. We now have better governance, monitoring, and reproducibility, which has reduced the operational burden and risk significantly. A great cross-functional effort."
1dc25098cafa9ac415f98f101cd7a52d,twitter,Firebolt,Firebolt,"Hearing from more teams looking to migrate off Firebolt. The promise of ""sub-sec","The benchmarks look great until you're paying for idle compute or the bill is 3x what you modeled. When a vendor's only pitch is speed, look for the hidden costs in flexibility and ease of exit.","Hearing from more teams looking to migrate off Firebolt. The promise of ""sub-sec The benchmarks look great until you're paying for idle compute or the bill is 3x what you modeled. When a vendor's only pitch is speed, look for the hidden costs in flexibility and ease of exit."
ca7f42724e9c961de31e8831ca23267c,reddit,Vertex AI,Vertex AI,Rant: Is anyone else getting absolutely wrecked by Vertex AI costs and DX?,"My team (3 DEs, 2 MLEs) got sold the Vertex AI dream: a fully managed MLOps platform, seamlessly integrated with our existing GCP stack (BigQuery, GCS, etc.). Six months in, and I feel like I'm spending more time fighting the platform and auditing our bill than actually enabling our data scientists.

We're using Vertex Pipelines with the KFP SDK (v1.8) to orchestrate our batch prediction jobs. A simple 5-step pipeline, with each component running on an `n1-standard-8` machine, should be easy. But debugging is a soul-crushing experience. When a step fails, the link in the UI to 'View Logs' is useless. It just dumps you into the Cloud Logging console with a generic filter that you have to manually tweak for 10 minutes to find the actual container's stderr. Compare that to a simple Airflow log, it's night and day.

And the costs... my god, the costs. Our bill for 'Vertex AI Training & Prediction' inexplicably tripled last month. After days of digging, we found a 'Persistent Resource' from a failed Notebook execution that was left running and cost us over $1,200. There was no alert, no warning, just a silent drain on our budget. The cost explorer is a joke for attributing these costs back to a specific user or pipeline run.

We're at a point where we're seriously considering a rip-and-replace with either Sagemaker or just going back to basics with Airflow + MLflow on a GKE cluster. At least then our costs would be predictable. Am I crazy here or is this a shared experience? YMMV, but the 'serverless' promise feels like a trap.","Rant: Is anyone else getting absolutely wrecked by Vertex AI costs and DX? My team (3 DEs, 2 MLEs) got sold the Vertex AI dream: a fully managed MLOps platform, seamlessly integrated with our existing GCP stack (BigQuery, GCS, etc.). Six months in, and I feel like I'm spending more time fighting the platform and auditing our bill than actually enabling our data scientists.

We're using Vertex Pipelines with the KFP SDK (v1.8) to orchestrate our batch prediction jobs. A simple 5-step pipeline, with each component running on an `n1-standard-8` machine, should be easy. But debugging is a soul-crushing experience. When a step fails, the link in the UI to 'View Logs' is useless. It just dumps you into the Cloud Logging console with a generic filter that you have to manually tweak for 10 minutes to find the actual container's stderr. Compare that to a simple Airflow log, it's night and day.

And the costs... my god, the costs. Our bill for 'Vertex AI Training & Prediction' inexplicably tripled last month. After days of digging, we found a 'Persistent Resource' from a failed Notebook execution that was left running and cost us over $1,200. There was no alert, no warning, just a silent drain on our budget. The cost explorer is a joke for attributing these costs back to a specific user or pipeline run.

We're at a point where we're seriously considering a rip-and-replace with either Sagemaker or just going back to basics with Airflow + MLflow on a GKE cluster. At least then our costs would be predictable. Am I crazy here or is this a shared experience? YMMV, but the 'serverless' promise feels like a trap."
cbf581be9378c6e1b68445382c7c73d5,linkedin,Firebolt,Firebolt,,"This is the reality of modern data tooling. The TCO calculation including engineering 'tuning time' is something too many teams overlook. Appreciate you highlighting it. What did you end up deciding on as an alternative, or are you back to the drawing board?","This is the reality of modern data tooling. The TCO calculation including engineering 'tuning time' is something too many teams overlook. Appreciate you highlighting it. What did you end up deciding on as an alternative, or are you back to the drawing board?"
4152fc1b218ac80c806cef31ea0b9d4a,reddit,Trino,Trino,Re: Is anyone *actually* getting good performance from Trino for ML feature engineering?,"I feel this in my soul. We went through the exact same cycle. The promise of 'SQL-on-anything' is so alluring, but the reality is that the scheduler and memory management just aren't as robust as Spark for heavy, multi-stage transformations. We eventually relegated Trino to the BI team for their Looker dashboards and went back to a scheduled Spark/dbt workflow for ML features. Slower iteration, but at least it's reliable.","Re: Is anyone *actually* getting good performance from Trino for ML feature engineering? I feel this in my soul. We went through the exact same cycle. The promise of 'SQL-on-anything' is so alluring, but the reality is that the scheduler and memory management just aren't as robust as Spark for heavy, multi-stage transformations. We eventually relegated Trino to the BI team for their Looker dashboards and went back to a scheduled Spark/dbt workflow for ML features. Slower iteration, but at least it's reliable."
9fb945212ebf02890c13d2b75406f153,reddit,dbt Cloud,dbt Cloud,Re: DS perspective on dbt Cloud after 6 months - is it actually helping?,"For a 3-person team, I don't see the value. You're describing features you can get for free with dbt Core and a well-configured GitHub Actions pipeline. The scheduler and IDE are conveniences, but are they worth hundreds of dollars per seat per month? Sounds like an expensive text editor and cron job to me. We run Core on a Fargate task and it's been rock solid.","Re: DS perspective on dbt Cloud after 6 months - is it actually helping? For a 3-person team, I don't see the value. You're describing features you can get for free with dbt Core and a well-configured GitHub Actions pipeline. The scheduler and IDE are conveniences, but are they worth hundreds of dollars per seat per month? Sounds like an expensive text editor and cron job to me. We run Core on a Fargate task and it's been rock solid."
5409c1c68edda9b13cc96eef1660c56f,g2,dbt Cloud,dbt Cloud,dbt Cloud: More Overhead Than It's Worth,"Pros: The core concepts of dbt are fantastic. Moving our transformation logic from a tangled mess of legacy stored procedures into a version-controlled, SQL-and-Jinja-based repository has been a conceptual win. The ability to generate documentation and visualize the DAG is powerful, and it has helped onboard new analysts. Our data models are now more consistent, and the built-in testing framework has caught data quality issues that would have previously gone unnoticed. For these core dbt functionalities, it gets the job done. It provided a single source of truth for our business logic, which was the main goal of our migration.

Cons: Unfortunately, the dbt Cloud wrapper around the core product is where everything falls apart. The web-based IDE is painfully slow and lacks the features and responsiveness of a local VS Code setup, which most of our team has reverted to anyway. This makes the per-seat cost feel unjustified. The managed CI/CD features, a key selling point, are buggy and unreliable. We've spent countless hours debugging 'slimmer CI' runs that fail intermittently for no clear reason. The scheduling and monitoring are basic, and we've had several production jobs fail silently. When we've reached out to support, response times have been slow. The opaque pricing model, combining seats and run costs, has led to surprise bills and makes it difficult to budget effectively.

Use case: We are a data team at a 200-person e-commerce company. We use dbt Cloud to orchestrate our data transformations in Snowflake. Raw data is ingested via Fivetran, and we run hourly and daily dbt jobs to build and maintain our dimensional models. These curated models then power all of our company dashboards in Looker, from marketing attribution to financial reporting. Our team consists of 4 analytics engineers who are the primary users of the platform.

Recommendation: No, I cannot recommend dbt Cloud in its current state. The value proposition over a self-hosted dbt Core setup using Airflow or Dagster is just not there. The high cost and buggy platform features create more problems than they solve for a technical team.","dbt Cloud: More Overhead Than It's Worth Pros: The core concepts of dbt are fantastic. Moving our transformation logic from a tangled mess of legacy stored procedures into a version-controlled, SQL-and-Jinja-based repository has been a conceptual win. The ability to generate documentation and visualize the DAG is powerful, and it has helped onboard new analysts. Our data models are now more consistent, and the built-in testing framework has caught data quality issues that would have previously gone unnoticed. For these core dbt functionalities, it gets the job done. It provided a single source of truth for our business logic, which was the main goal of our migration.

Cons: Unfortunately, the dbt Cloud wrapper around the core product is where everything falls apart. The web-based IDE is painfully slow and lacks the features and responsiveness of a local VS Code setup, which most of our team has reverted to anyway. This makes the per-seat cost feel unjustified. The managed CI/CD features, a key selling point, are buggy and unreliable. We've spent countless hours debugging 'slimmer CI' runs that fail intermittently for no clear reason. The scheduling and monitoring are basic, and we've had several production jobs fail silently. When we've reached out to support, response times have been slow. The opaque pricing model, combining seats and run costs, has led to surprise bills and makes it difficult to budget effectively.

Use case: We are a data team at a 200-person e-commerce company. We use dbt Cloud to orchestrate our data transformations in Snowflake. Raw data is ingested via Fivetran, and we run hourly and daily dbt jobs to build and maintain our dimensional models. These curated models then power all of our company dashboards in Looker, from marketing attribution to financial reporting. Our team consists of 4 analytics engineers who are the primary users of the platform.

Recommendation: No, I cannot recommend dbt Cloud in its current state. The value proposition over a self-hosted dbt Core setup using Airflow "
cd5063c5d18dc73d955a09955e7cb35c,reddit,dbt,dbt,Re: Am I the only DS who thinks dbt is a massive step backwards?,"We hit this exact wall. The answer isn't 'dbt is bad', it's 'where does dbt stop?' We drew a hard line. dbt owns everything up to clean, wide, denormalized tables per domain (e.g., `dim_users`, `fct_sessions`). DS teams consume those tables in their own sandboxes (SageMaker in our case). There's still some duplication of logic, but it keeps the teams out of each other's hair and lets them use the best tool for the job. The handoff is everything.","Re: Am I the only DS who thinks dbt is a massive step backwards? We hit this exact wall. The answer isn't 'dbt is bad', it's 'where does dbt stop?' We drew a hard line. dbt owns everything up to clean, wide, denormalized tables per domain (e.g., `dim_users`, `fct_sessions`). DS teams consume those tables in their own sandboxes (SageMaker in our case). There's still some duplication of logic, but it keeps the teams out of each other's hair and lets them use the best tool for the job. The handoff is everything."
ee39064fd48c1a85f839c5c20126290c,reddit,Databricks,Databricks,Re: Venting: Is anyone else's ML team getting absolutely wrecked by Databricks instability and support?,"YMMV, but this sounds like a configuration problem. We're a much larger org with an Enterprise Plus support plan and it's been night and day. Our dedicated support engineers are great. For your MLflow issue, you should never be deleting endpoints. You should be using traffic splitting to canary the new version. The `INTERNAL_ERROR`s are weird, but we only saw those when our cluster IAM roles were misconfigured. Might be worth double-checking your cloud permissions.","Re: Venting: Is anyone else's ML team getting absolutely wrecked by Databricks instability and support? YMMV, but this sounds like a configuration problem. We're a much larger org with an Enterprise Plus support plan and it's been night and day. Our dedicated support engineers are great. For your MLflow issue, you should never be deleting endpoints. You should be using traffic splitting to canary the new version. The `INTERNAL_ERROR`s are weird, but we only saw those when our cluster IAM roles were misconfigured. Might be worth double-checking your cloud permissions."
676cf0123f5e12c26a8ca7e86ad75dc9,reddit,SageMaker,SageMaker,"Re: Finally got SageMaker Multi-Model Endpoints working for our custom PyTorch models. The cost savings are insane, but wow the docs are... something.","Congrats on cracking it! We went through the exact same struggle six months ago. The lack of good examples for BYOC (Bring Your Own Container) with MME is a huge gap. We ended up building a 'debug' mode into our container that would spit out all the environment variables and paths, which helped a lot. Glad to see you got it working, those cost savings are the real deal.","Re: Finally got SageMaker Multi-Model Endpoints working for our custom PyTorch models. The cost savings are insane, but wow the docs are... something. Congrats on cracking it! We went through the exact same struggle six months ago. The lack of good examples for BYOC (Bring Your Own Container) with MME is a huge gap. We ended up building a 'debug' mode into our container that would spit out all the environment variables and paths, which helped a lot. Glad to see you got it working, those cost savings are the real deal."
2fc70846743425af2bd71d94795bcb19,linkedin,Snowflake,Snowflake,,"A few quarters ago, my team and I hit a familiar wall. Our legacy data warehouse, once a reliable workhorse, was struggling to keep pace with our company's growth. Data volumes were expanding exponentially, and our small but mighty team of data engineers and analysts was spending more time on infrastructure management and performance tuning than on delivering insights.

We knew a change was necessary, but we needed more than just an incremental upgrade. We needed a platform that would fundamentally change our relationship with data—making it more accessible, scalable, and impactful for the entire organization. This kicked off a deep evaluation of the major cloud data platforms.

After a rigorous proof-of-concept phase, Snowflake emerged as the clear choice for us. The architectural separation of storage and compute was the initial hook. The ability to spin up dedicated compute resources for different workloads (from data science modeling to executive dashboards) without contention was a paradigm shift. Our analysts could run complex queries without slowing down our critical ETL processes.

The business impact has been tangible. We've cut down query times on our most critical dashboards by over 70%, giving our commercial teams faster access to the data they need to make decisions. More importantly, we've freed up our data team to focus on higher-value initiatives. Instead of managing servers, they're now building new data products and exploring advanced analytics use cases that were previously out of reach. It's a foundational shift that's already paying dividends.

#DataStrategy #CloudDataPlatform #Snowflake","A few quarters ago, my team and I hit a familiar wall. Our legacy data warehouse, once a reliable workhorse, was struggling to keep pace with our company's growth. Data volumes were expanding exponentially, and our small but mighty team of data engineers and analysts was spending more time on infrastructure management and performance tuning than on delivering insights.

We knew a change was necessary, but we needed more than just an incremental upgrade. We needed a platform that would fundamentally change our relationship with data—making it more accessible, scalable, and impactful for the entire organization. This kicked off a deep evaluation of the major cloud data platforms.

After a rigorous proof-of-concept phase, Snowflake emerged as the clear choice for us. The architectural separation of storage and compute was the initial hook. The ability to spin up dedicated compute resources for different workloads (from data science modeling to executive dashboards) without contention was a paradigm shift. Our analysts could run complex queries without slowing down our critical ETL processes.

The business impact has been tangible. We've cut down query times on our most critical dashboards by over 70%, giving our commercial teams faster access to the data they need to make decisions. More importantly, we've freed up our data team to focus on higher-value initiatives. Instead of managing servers, they're now building new data products and exploring advanced analytics use cases that were previously out of reach. It's a foundational shift that's already paying dividends.

#DataStrategy #CloudDataPlatform #Snowflake"
016fb38126593754bd9559f656ef2b9a,linkedin,Firebolt,Firebolt,,It was an impressive PoC. The ability to use different engine sizes for different workloads against the same data was a huge selling point. We can use a smaller engine for ingestion and a larger one for peak dashboard usage. That level of resource granularity has been a game changer for managing costs.,It was an impressive PoC. The ability to use different engine sizes for different workloads against the same data was a huge selling point. We can use a smaller engine for ingestion and a larger one for peak dashboard usage. That level of resource granularity has been a game changer for managing costs.
ba78a3e07a672e49c25d5d2496eea8c3,reddit,AWS Redshift,AWS Redshift,Re: Honestly shocked at how good Redshift Serverless is after our migration,"Glad to see a positive story! We did a similar migration to RA3 nodes last year and saw the same performance leap. If you haven't already, look into Materialized Views. For your common dashboard queries, they can get you sub-second response times. Also, make sure you're using `AUTO` for all your dist/sort keys to let Redshift's ML do the tuning.","Re: Honestly shocked at how good Redshift Serverless is after our migration Glad to see a positive story! We did a similar migration to RA3 nodes last year and saw the same performance leap. If you haven't already, look into Materialized Views. For your common dashboard queries, they can get you sub-second response times. Also, make sure you're using `AUTO` for all your dist/sort keys to let Redshift's ML do the tuning."
de09303ea52b1150250e00fdee8b7fac,linkedin,Firebolt,Firebolt,,"Great summary. The learning curve on optimizing for their sparse indexing and JOIN strategies was real, but seeing the performance gains made the effort worthwhile. It definitely forced us to be more disciplined about our data modeling, which is probably a good thing in the long run.","Great summary. The learning curve on optimizing for their sparse indexing and JOIN strategies was real, but seeing the performance gains made the effort worthwhile. It definitely forced us to be more disciplined about our data modeling, which is probably a good thing in the long run."
995862538b2258d23d711cc55adb62ff,reddit,Google BigQuery,Google BigQuery,"Re: Not to shill, but BigQuery has been a legit game-changer for our ML feature pipelines","This is super interesting, thanks for sharing! Can you talk more about the Storage Read API setup? Are you calling it directly from your model serving application using the gRPC client? We're looking at a similar pattern and trying to figure out the best way to get low-latency reads without having to stand up and maintain a separate Redis/etc. cache. 150ms is pretty solid.","Re: Not to shill, but BigQuery has been a legit game-changer for our ML feature pipelines This is super interesting, thanks for sharing! Can you talk more about the Storage Read API setup? Are you calling it directly from your model serving application using the gRPC client? We're looking at a similar pattern and trying to figure out the best way to get low-latency reads without having to stand up and maintain a separate Redis/etc. cache. 150ms is pretty solid."
22ecb5843bc138f789d71302f815dd93,g2,Google BigQuery,Google BigQuery,BigQuery: A Costly Black Box That Punishes Exploration,"Pros: The initial appeal of BigQuery is undeniable. The serverless architecture means our team spends zero time on infrastructure management, a huge plus coming from a self-managed Redshift cluster. For large, full-scan analytical queries, the performance is impressive, and queries that used to take hours now return in minutes. The integration within the Google Cloud ecosystem is seamless; loading data from GCS or streaming via Dataflow is straightforward. The ability to query petabyte-scale datasets without upfront provisioning is a powerful concept. The web UI is also clean and easy for analysts to get started with for basic ad-hoc analysis, which helped with initial adoption.

Cons: Our honeymoon phase with BigQuery ended abruptly when the bills started rolling in. The on-demand, 'bytes scanned' pricing model is a nightmare for cost control. A single poorly written query from an analyst, without a WHERE clause on a partitioned column, can cost hundreds of dollars in seconds. We've had to implement draconian IAM policies and custom query checkers, creating friction for the team. We tried switching to flat-rate pricing (slots) to get predictability, but this introduced new problems with slot contention and query queuing during peak BI reporting hours. It feels like a black box; we lack the fine-grained controls to tune performance that we had with other MPP databases. We're constantly fighting the system rather than leveraging it.

Use case: We use BigQuery as our central data warehouse, ingesting event streams from Pub/Sub and batch data from our transactional databases and SaaS tools via ETL pipelines. It serves as the primary source for our Looker Studio dashboards, which are used by product, marketing, and finance teams. Our data science team also uses it for exploratory analysis, which has been a major source of our cost issues.

Recommendation: I cannot recommend BigQuery for teams without mature FinOps practices and strict budget controls. The potential for runaway costs is too high. If you need predictable performance and cost for real-time analytics, you should evaluate other platforms that offer more transparent pricing and resource management.","BigQuery: A Costly Black Box That Punishes Exploration Pros: The initial appeal of BigQuery is undeniable. The serverless architecture means our team spends zero time on infrastructure management, a huge plus coming from a self-managed Redshift cluster. For large, full-scan analytical queries, the performance is impressive, and queries that used to take hours now return in minutes. The integration within the Google Cloud ecosystem is seamless; loading data from GCS or streaming via Dataflow is straightforward. The ability to query petabyte-scale datasets without upfront provisioning is a powerful concept. The web UI is also clean and easy for analysts to get started with for basic ad-hoc analysis, which helped with initial adoption.

Cons: Our honeymoon phase with BigQuery ended abruptly when the bills started rolling in. The on-demand, 'bytes scanned' pricing model is a nightmare for cost control. A single poorly written query from an analyst, without a WHERE clause on a partitioned column, can cost hundreds of dollars in seconds. We've had to implement draconian IAM policies and custom query checkers, creating friction for the team. We tried switching to flat-rate pricing (slots) to get predictability, but this introduced new problems with slot contention and query queuing during peak BI reporting hours. It feels like a black box; we lack the fine-grained controls to tune performance that we had with other MPP databases. We're constantly fighting the system rather than leveraging it.

Use case: We use BigQuery as our central data warehouse, ingesting event streams from Pub/Sub and batch data from our transactional databases and SaaS tools via ETL pipelines. It serves as the primary source for our Looker Studio dashboards, which are used by product, marketing, and finance teams. Our data science team also uses it for exploratory analysis, which has been a major source of our cost issues.

Recommendation: I cannot recommend BigQuery for teams without mature FinOps practices and strict budget controls. The potenti"
1581d28ae22bd4854e3b4bdef74b9ee5,reddit,Trino,Trino,Trino has completely changed how our ML team interacts with data (and we're not going back),"Just wanted to share a huge win for our team. I'm an MLE on a team of 4, and for years, getting data for ad-hoc analysis or feature engineering was a massive pain. We'd either have to write a one-off Spark job (slow iteration) or pull down massive raw files and wrangle them locally (lol no).

About six months ago, our two DEs stood up a Trino (v415 at the time, now on 426) cluster on EKS running on 5 m5.4xlarge workers. It connects to everything: our main data lake on S3 (using the Delta Lake connector), our production Postgres RDS, and even some legacy tables in a crusty old Hive metastore.

The federation is the killer app. Last week, I joined a 2TB user activity table from Delta with a user dimension table from Postgres in a *single SQL query* directly from my Jupyter notebook. The query took about 90 seconds. Previously, that would have been a half-day affair of exporting/ingesting or writing a bespoke Spark job.

It's not a silver bullet, obviously. It's not for our huge batch training data ETL; we still use Spark for that. And you can definitely shoot yourself in the foot with a bad query that OOMs a worker if you're not careful with huge cross joins. The query planner is good but not magic. But for interactive exploration and pulling down datasets up to a few million rows into Polars/Pandas, it's an absolute dream. Our cycle time from hypothesis to initial analysis has been slashed. YMMV, but for a team our size, it's been a force multiplier.","Trino has completely changed how our ML team interacts with data (and we're not going back) Just wanted to share a huge win for our team. I'm an MLE on a team of 4, and for years, getting data for ad-hoc analysis or feature engineering was a massive pain. We'd either have to write a one-off Spark job (slow iteration) or pull down massive raw files and wrangle them locally (lol no).

About six months ago, our two DEs stood up a Trino (v415 at the time, now on 426) cluster on EKS running on 5 m5.4xlarge workers. It connects to everything: our main data lake on S3 (using the Delta Lake connector), our production Postgres RDS, and even some legacy tables in a crusty old Hive metastore.

The federation is the killer app. Last week, I joined a 2TB user activity table from Delta with a user dimension table from Postgres in a *single SQL query* directly from my Jupyter notebook. The query took about 90 seconds. Previously, that would have been a half-day affair of exporting/ingesting or writing a bespoke Spark job.

It's not a silver bullet, obviously. It's not for our huge batch training data ETL; we still use Spark for that. And you can definitely shoot yourself in the foot with a bad query that OOMs a worker if you're not careful with huge cross joins. The query planner is good but not magic. But for interactive exploration and pulling down datasets up to a few million rows into Polars/Pandas, it's an absolute dream. Our cycle time from hypothesis to initial analysis has been slashed. YMMV, but for a team our size, it's been a force multiplier."
2af443f5a66a0560cdadefc8d2fcdf5e,reddit,Firebolt,Firebolt,Re: Is anyone else feeling baited-and-switched by Firebolt?,"The query UI is what gets me. It feels like a beta product. There's no query history search, you can't easily see the query plan to understand why it's not using your expensive index, and the error messages are incredibly cryptic. I spend more time trying to debug a query in their UI than actually writing it.","Re: Is anyone else feeling baited-and-switched by Firebolt? The query UI is what gets me. It feels like a beta product. There's no query history search, you can't easily see the query plan to understand why it's not using your expensive index, and the error messages are incredibly cryptic. I spend more time trying to debug a query in their UI than actually writing it."
efdbf902768ce1c73670ea5ecdedf9ba,reddit,SageMaker,SageMaker,"SageMaker - A year in the trenches. It's powerful, but man, the papercuts are real.","Posting this because I see a lot of 'is SageMaker good?' questions. Here's a real-world take after a year of using it in production.

Context: Small team, 2 DEs (like me), 3 DSs. We were in the classic 'it runs on my laptop' hell with massive Jupyter notebooks and ad-hoc scripts pulling data from everywhere. The goal was to productionize our ML workflows in a repeatable, scalable way.

The Good: Moving to SageMaker Processing and Training Jobs has been a huge win for reproducibility. Being able to define a container, kick off a job on a beefy `p3.2xlarge` with a single SDK call, and have it tear itself down is slick. We're using Step Functions to orchestrate the whole pipeline from S3 trigger -> Processing -> Training -> Model Registration. It’s pretty solid and has forced our DS team into better habits.

The Bad: The developer experience can be brutal. The sheer number of IAM permissions needed is insane, and the error messages are often cryptic. We spent literal weeks just getting the VPC networking and security groups right so our jobs could talk to our RDS instance without exposing everything to the internet. And debugging a failed job by scrolling through 10,000 lines of CloudWatch logs is my personal nightmare. The local development story is also... not great. The feedback loop of building a container, pushing to ECR, and launching a job just to find a typo is painfully slow.

So yeah, it's a powerful platform and has definitely matured our MLOps game. But don't believe the marketing hype that it's a simple plug-and-play solution. Be prepared to become an expert in AWS networking and IAM. YMMV.","SageMaker - A year in the trenches. It's powerful, but man, the papercuts are real. Posting this because I see a lot of 'is SageMaker good?' questions. Here's a real-world take after a year of using it in production.

Context: Small team, 2 DEs (like me), 3 DSs. We were in the classic 'it runs on my laptop' hell with massive Jupyter notebooks and ad-hoc scripts pulling data from everywhere. The goal was to productionize our ML workflows in a repeatable, scalable way.

The Good: Moving to SageMaker Processing and Training Jobs has been a huge win for reproducibility. Being able to define a container, kick off a job on a beefy `p3.2xlarge` with a single SDK call, and have it tear itself down is slick. We're using Step Functions to orchestrate the whole pipeline from S3 trigger -> Processing -> Training -> Model Registration. It’s pretty solid and has forced our DS team into better habits.

The Bad: The developer experience can be brutal. The sheer number of IAM permissions needed is insane, and the error messages are often cryptic. We spent literal weeks just getting the VPC networking and security groups right so our jobs could talk to our RDS instance without exposing everything to the internet. And debugging a failed job by scrolling through 10,000 lines of CloudWatch logs is my personal nightmare. The local development story is also... not great. The feedback loop of building a container, pushing to ECR, and launching a job just to find a typo is painfully slow.

So yeah, it's a powerful platform and has definitely matured our MLOps game. But don't believe the marketing hype that it's a simple plug-and-play solution. Be prepared to become an expert in AWS networking and IAM. YMMV."
7409fd5565d7033e706ab1684d0f5d93,linkedin,dbt,dbt,,"This is a refreshingly honest take. We experienced a very similar journey. The initial wins were huge for morale and project speed, but we hit a wall of technical debt and spiraling costs about 18 months in. The operational burden of managing thousands of models and their dependencies became a significant, and frankly unexpected, resource drain. We're also in a reassessment phase.","This is a refreshingly honest take. We experienced a very similar journey. The initial wins were huge for morale and project speed, but we hit a wall of technical debt and spiraling costs about 18 months in. The operational burden of managing thousands of models and their dependencies became a significant, and frankly unexpected, resource drain. We're also in a reassessment phase."
7301b321b916ae960845173e975f0b1e,linkedin,dbt Cloud,dbt Cloud,,"I have a complaint to file against the team at dbt Labs. When we brought dbt Cloud into our ecosystem about 18 months ago, the goal was to bring order to our chaotic data transformation pipelines. Our lean analytics engineering function was spending more time debugging legacy scripts and fielding 'is this data right?' questions than they were building new assets.

The promise was a more collaborative, transparent, and reliable workflow. We wanted our analysts to trust the data and our engineers to ship with confidence. dbt Cloud delivered on that promise, and then some. Our modeling velocity increased by what feels like 10x, and data quality issues plummeted thanks to integrated testing.

So, what's my complaint? The business is now hooked. The demand for new data products, models, and insights has exploded. Our stakeholders in Marketing, Sales, and Ops have seen what's possible when data is reliable and accessible, and they want more. The number of ad-hoc requests has been replaced by strategic projects, and our backlog is growing faster than we can hire.

My primary challenge is no longer fighting fires; it's scaling a team to meet an insatiable, data-hungry organization. We've created a pull-based data culture, and frankly, I'm struggling to keep up with the demand that dbt Cloud helped unlock. It’s the best problem I’ve had in my career, but it’s a challenge nonetheless. Thanks a lot, dbt Labs.

#DataStrategy #AnalyticsEngineering #dbt","I have a complaint to file against the team at dbt Labs. When we brought dbt Cloud into our ecosystem about 18 months ago, the goal was to bring order to our chaotic data transformation pipelines. Our lean analytics engineering function was spending more time debugging legacy scripts and fielding 'is this data right?' questions than they were building new assets.

The promise was a more collaborative, transparent, and reliable workflow. We wanted our analysts to trust the data and our engineers to ship with confidence. dbt Cloud delivered on that promise, and then some. Our modeling velocity increased by what feels like 10x, and data quality issues plummeted thanks to integrated testing.

So, what's my complaint? The business is now hooked. The demand for new data products, models, and insights has exploded. Our stakeholders in Marketing, Sales, and Ops have seen what's possible when data is reliable and accessible, and they want more. The number of ad-hoc requests has been replaced by strategic projects, and our backlog is growing faster than we can hire.

My primary challenge is no longer fighting fires; it's scaling a team to meet an insatiable, data-hungry organization. We've created a pull-based data culture, and frankly, I'm struggling to keep up with the demand that dbt Cloud helped unlock. It’s the best problem I’ve had in my career, but it’s a challenge nonetheless. Thanks a lot, dbt Labs.

#DataStrategy #AnalyticsEngineering #dbt"
6ae22725f826e2a8c24f78ed09489067,twitter,Firebolt,Firebolt,"Alright, kicking the tires on @FireboltDB for some heavy ML workloads. The promi","unpopular opinion: It's a specialized engine, not a general-purpose data warehouse replacement. For ML serving or a specific analytics product requiring low latency on big data, it could be a killer app. For everything else? The jury is still out.","Alright, kicking the tires on @FireboltDB for some heavy ML workloads. The promi unpopular opinion: It's a specialized engine, not a general-purpose data warehouse replacement. For ML serving or a specific analytics product requiring low latency on big data, it could be a killer app. For everything else? The jury is still out."
f40252ccd49de54ce5fadc8d37b0a387,twitter,dbt Cloud,dbt Cloud,So we're moving from a bespoke dbt Core + Dagster setup to dbt Cloud. Mixed feel,"So we're moving from a bespoke dbt Core + Dagster setup to dbt Cloud. Mixed feelings. The integrated scheduler and UI are nice, but I'm already missing the flexibility of our Python-based orchestration.","So we're moving from a bespoke dbt Core + Dagster setup to dbt Cloud. Mixed feel So we're moving from a bespoke dbt Core + Dagster setup to dbt Cloud. Mixed feelings. The integrated scheduler and UI are nice, but I'm already missing the flexibility of our Python-based orchestration."
fd6ee9b1dc6de58bd3a40c161ecf9f8c,linkedin,dbt Cloud,dbt Cloud,,"This is a great summary. From the BI side, even with the work-in-progress, we're already seeing the benefits. Having a clear data lineage and knowing who 'owns' a particular model has made debugging dashboards so much faster. Looking forward to having all our core sources fully migrated.","This is a great summary. From the BI side, even with the work-in-progress, we're already seeing the benefits. Having a clear data lineage and knowing who 'owns' a particular model has made debugging dashboards so much faster. Looking forward to having all our core sources fully migrated."
b21abc74b958e20622381124491e85dd,g2,dbt Cloud,dbt Cloud,dbt Cloud: A Great Idea Undermined by a Frustrating Platform and Punitive Pricing,"Pros: The conceptual underpinnings of dbt are solid, and that's where the praise ends. The ability to define transformations as simple SQL `SELECT` statements is elegant, and the emphasis on testing and documentation (`dbt docs`) is a welcome cultural shift for any data team. We found Jinja templating powerful for creating reusable macros, which helped us standardize logic across models. The core workflow encourages good software engineering practices like version control and modularity, which was a definite improvement over our previous tangle of stored procedures. Conceptually, separating transformation logic from orchestration is the right architectural move.

Cons: The dbt Cloud platform itself feels like a fragile, overpriced wrapper around the open-source dbt Core. The web-based IDE is shockingly slow and prone to hanging or crashing, leading to lost work and immense frustration. Performance of cloud-based runs is often slower than running the CLI locally. The biggest issue is the pricing model. The per-seat cost is exorbitant and punishes collaboration, making it impossible to give 'read-only' or occasional access to business analysts or stakeholders without a full, expensive developer seat. The built-in CI/CD is primitive and doesn't integrate well with our existing enterprise Jenkins setup. We've spent more time fighting the platform's limitations and instability than we've saved by using a 'managed' service.

Use case: We adopted dbt Cloud to manage the transformation layer for our new enterprise data warehouse on Snowflake. Our goal was to migrate dozens of fragile, legacy SSIS packages and Python scripts into a centralized, version-controlled repository. The platform is used by a team of 15 data engineers and analysts to build and maintain models that feed into our Tableau dashboards and financial reporting systems. We were hoping for a streamlined, collaborative environment but found the opposite.

Recommendation: No, I cannot recommend dbt Cloud for teams of any significant size. The cost-to-value ratio is poor, and the platform's instability negates the 'managed service' benefit. I would strongly advise new adopters to use the open-source dbt Core and self-host orchestration with a tool like Airflow or Dagster.","dbt Cloud: A Great Idea Undermined by a Frustrating Platform and Punitive Pricing Pros: The conceptual underpinnings of dbt are solid, and that's where the praise ends. The ability to define transformations as simple SQL `SELECT` statements is elegant, and the emphasis on testing and documentation (`dbt docs`) is a welcome cultural shift for any data team. We found Jinja templating powerful for creating reusable macros, which helped us standardize logic across models. The core workflow encourages good software engineering practices like version control and modularity, which was a definite improvement over our previous tangle of stored procedures. Conceptually, separating transformation logic from orchestration is the right architectural move.

Cons: The dbt Cloud platform itself feels like a fragile, overpriced wrapper around the open-source dbt Core. The web-based IDE is shockingly slow and prone to hanging or crashing, leading to lost work and immense frustration. Performance of cloud-based runs is often slower than running the CLI locally. The biggest issue is the pricing model. The per-seat cost is exorbitant and punishes collaboration, making it impossible to give 'read-only' or occasional access to business analysts or stakeholders without a full, expensive developer seat. The built-in CI/CD is primitive and doesn't integrate well with our existing enterprise Jenkins setup. We've spent more time fighting the platform's limitations and instability than we've saved by using a 'managed' service.

Use case: We adopted dbt Cloud to manage the transformation layer for our new enterprise data warehouse on Snowflake. Our goal was to migrate dozens of fragile, legacy SSIS packages and Python scripts into a centralized, version-controlled repository. The platform is used by a team of 15 data engineers and analysts to build and maintain models that feed into our Tableau dashboards and financial reporting systems. We were hoping for a streamlined, collaborative environment but found the opposite.

Recommendation: No, I"
ec50a7c3db3682b26680067e66dc42ba,twitter,Vertex AI,Vertex AI,Trying to migrate our MLOps stack to Vertex AI. My initial take: this feels less,Trying to migrate our MLOps stack to Vertex AI. My initial take: this feels less like a unified platform and more like 5 different GCP services in a trench coat pretending to know each other.,Trying to migrate our MLOps stack to Vertex AI. My initial take: this feels less Trying to migrate our MLOps stack to Vertex AI. My initial take: this feels less like a unified platform and more like 5 different GCP services in a trench coat pretending to know each other.
b37e0ea3e1fbea78a2933a9d1c208591,reddit,Vertex AI,Vertex AI,"Re: Thoughts on moving from self-hosted MLFlow to Vertex AI Pipelines after 6 months (the good, the bad, the ugly logs)","Interesting perspective. We saw the initial friction too, but the governance and IAM benefits outweighed it for us. Tying model lineage and permissions to our existing GCP identity management was a massive win for our security and compliance audits. With our old setup, it was the wild west. Sometimes you have to accept a trade-off for better enterprise controls.","Re: Thoughts on moving from self-hosted MLFlow to Vertex AI Pipelines after 6 months (the good, the bad, the ugly logs) Interesting perspective. We saw the initial friction too, but the governance and IAM benefits outweighed it for us. Tying model lineage and permissions to our existing GCP identity management was a massive win for our security and compliance audits. With our old setup, it was the wild west. Sometimes you have to accept a trade-off for better enterprise controls."
c857b84c650e6309a953c2b49ebfd45d,linkedin,Snowflake,Snowflake,,This was a monumental effort. I still remember the marathon sessions refactoring those legacy stored procedures into Snowpark Python worksheets. Seeing the performance data now makes all that hard work worth it. Great summary of our journey!,This was a monumental effort. I still remember the marathon sessions refactoring those legacy stored procedures into Snowpark Python worksheets. Seeing the performance data now makes all that hard work worth it. Great summary of our journey!
5f7112401ad65fc51e8f1e23ebc92d76,twitter,Firebolt,Firebolt,Remember the Firebolt hype? The 'fastest cloud data warehouse' that was going to,"The core issue was always the same: performance claims relied on proprietary indexing and rigid data prep. It's fast on *its* terms, not yours. That doesn't work for real-world, messy data and ad-hoc analytics.","Remember the Firebolt hype? The 'fastest cloud data warehouse' that was going to The core issue was always the same: performance claims relied on proprietary indexing and rigid data prep. It's fast on *its* terms, not yours. That doesn't work for real-world, messy data and ad-hoc analytics."
eb3626a593c3f245f4888bff6acef285,g2,Firebolt,Firebolt,"Promised Blazing Speeds, Delivered A Slow Burn And High Costs","Pros: The core concept behind Firebolt is genuinely compelling. The sparse indexing and F3 file format promised incredible query performance on raw, semi-structured data, which was the main reason we chose it. During the proof-of-concept phase, with their team's direct involvement, we saw some truly impressive sub-second queries on terabyte-scale datasets that were impossible with our previous stack. The initial onboarding and sales process was smooth, and their vision for the future of cloud data warehousing was well-articulated. The idea of decoupling storage and compute with specialized engines for different workloads is, in theory, a powerful architecture. We were excited by the potential to simplify our data stack by eliminating the need for complex pre-aggregation pipelines.

Cons: Unfortunately, the reality of running Firebolt in production was a nightmare. The platform is incredibly unstable. We experienced constant query failures and engine restarts that required manual intervention, completely destroying the reliability of our customer-facing dashboards. Performance was wildly inconsistent; a query that ran in 500ms one minute would take 30 seconds the next for no discernible reason. The cost model is also a major issue. While it seems flexible, we found our bills were significantly higher than projected due to engine idling behavior and the resources required to achieve even a semblance of stability. Support was slow and often seemed just as perplexed by the issues as we were, making us feel like unwilling beta testers. Basic SQL functionality we took for granted in other warehouses was missing, forcing complex workarounds.

Use case: We implemented Firebolt to power a customer-facing analytics dashboard embedded in our main SaaS application. The goal was to provide our users with interactive, real-time query capabilities on terabytes of event and log data. We migrated from an overloaded PostgreSQL instance, hoping to avoid the pre-aggregation and ETL complexity required to make a traditional warehouse performant for this specific interactive use case. The data was primarily JSON, ingested in near real-time.

Recommendation: I cannot recommend Firebolt for any production workload. The operational instability and unpredictable costs create far too much business risk. The platform feels immature and is not ready for prime-time. Stick to more established and reliable solutions like Snowflake or BigQuery for now.","Promised Blazing Speeds, Delivered A Slow Burn And High Costs Pros: The core concept behind Firebolt is genuinely compelling. The sparse indexing and F3 file format promised incredible query performance on raw, semi-structured data, which was the main reason we chose it. During the proof-of-concept phase, with their team's direct involvement, we saw some truly impressive sub-second queries on terabyte-scale datasets that were impossible with our previous stack. The initial onboarding and sales process was smooth, and their vision for the future of cloud data warehousing was well-articulated. The idea of decoupling storage and compute with specialized engines for different workloads is, in theory, a powerful architecture. We were excited by the potential to simplify our data stack by eliminating the need for complex pre-aggregation pipelines.

Cons: Unfortunately, the reality of running Firebolt in production was a nightmare. The platform is incredibly unstable. We experienced constant query failures and engine restarts that required manual intervention, completely destroying the reliability of our customer-facing dashboards. Performance was wildly inconsistent; a query that ran in 500ms one minute would take 30 seconds the next for no discernible reason. The cost model is also a major issue. While it seems flexible, we found our bills were significantly higher than projected due to engine idling behavior and the resources required to achieve even a semblance of stability. Support was slow and often seemed just as perplexed by the issues as we were, making us feel like unwilling beta testers. Basic SQL functionality we took for granted in other warehouses was missing, forcing complex workarounds.

Use case: We implemented Firebolt to power a customer-facing analytics dashboard embedded in our main SaaS application. The goal was to provide our users with interactive, real-time query capabilities on terabytes of event and log data. We migrated from an overloaded PostgreSQL instance, hoping to avoid the pre-aggregati"
87fb6fc5a7905cca454773e623e48b91,linkedin,Firebolt,Firebolt,,"This was a fun PoC to be a part of. The difference was night and day. Migrating the data was simple, and the performance gains from their indexing were immediately obvious. I'm excited to spend less time fighting with query planners and more time building out our data models.","This was a fun PoC to be a part of. The difference was night and day. Migrating the data was simple, and the performance gains from their indexing were immediately obvious. I'm excited to spend less time fighting with query planners and more time building out our data models."
321d0cdf6becf8c2d1ed0bde493e1af0,reddit,AWS Redshift,AWS Redshift,Re: Thoughts on using Redshift for ML feature engineering after 6 months - a neutral take,"As the platform guy at my company, I feel this post. The reality is the DWH is often chosen for its BI and reporting capabilities, which pay the bills. ML is often a secondary tenant. The ra3 nodes are great, but cost-prohibitive for some orgs, so you're lucky there. We give our ML teams their own smaller cluster or Serverless endpoint to isolate workloads, but that has its own budget battles. It's all trade-offs.","Re: Thoughts on using Redshift for ML feature engineering after 6 months - a neutral take As the platform guy at my company, I feel this post. The reality is the DWH is often chosen for its BI and reporting capabilities, which pay the bills. ML is often a secondary tenant. The ra3 nodes are great, but cost-prohibitive for some orgs, so you're lucky there. We give our ML teams their own smaller cluster or Serverless endpoint to isolate workloads, but that has its own budget battles. It's all trade-offs."
6bf65841222ff576533d611ca3943d4d,twitter,Trino,Trino,"Unpopular opinion: Trino is the 'jack of all trades, master of none' of query en",And the operational overhead... You’re basically signing up to be a distributed systems engineer just to keep the lights on. The TCO is way higher than you think. Compare that to fully managed platforms.,"Unpopular opinion: Trino is the 'jack of all trades, master of none' of query en And the operational overhead... You’re basically signing up to be a distributed systems engineer just to keep the lights on. The TCO is way higher than you think. Compare that to fully managed platforms."
cafc0052fee8ab1ba60ccf4fbe37690e,g2,dbt Cloud,dbt Cloud,"dbt Cloud: A Solid Foundation for Transformation, but with Frustrating Limitations","Pros: dbt Cloud has fundamentally changed how we manage our data transformations. The SQL-first approach, combined with Git integration, has created a true single source of truth for our business logic. Our team went from writing ad-hoc, untracked scripts in our old ETL tool to a collaborative, version-controlled workflow. Onboarding new analysts is much faster; they can get up to speed by exploring the generated documentation (`dbt docs`) and seeing the full lineage of our data models. The integrated scheduler and CI/CD checks have professionalized our deployment process, catching errors before they hit production. It's great for establishing a solid, auditable foundation for analytics where we previously had none.

Cons: While the core functionality is strong, the dbt Cloud experience has significant drawbacks. The web-based IDE is noticeably slow and clunky, especially on larger projects, leading many of us to default to a local VS Code setup, which defeats the purpose of the integrated environment. The cost is a major concern; the per-seat pricing feels steep, and we're constantly worried about run costs as we scale our job frequency. Debugging failed runs in the UI can be a pain; the error logs are there, but tracing complex Jinja or macro issues is much harder than in a local terminal. It feels like we're paying a premium for a managed scheduler and a sub-par IDE.

Use case: We use dbt Cloud as the central transformation layer in our modern data stack. Raw data is loaded from various sources (Salesforce, Google Ads) into our Snowflake warehouse via Fivetran. Our analytics engineering team then uses dbt Cloud to run models that clean, aggregate, and structure this data into a series of mart tables. These production-ready tables are then consumed by our data analysts in Looker for reporting and business intelligence.

Recommendation: I'd recommend dbt Cloud with reservations. It's a great accelerator for teams that need a managed, all-in-one solution and can stomach the cost. However, teams with strong DevOps skills or those on a tight budget should seriously consider building their own CI/CD pipeline around open-source dbt Core.","dbt Cloud: A Solid Foundation for Transformation, but with Frustrating Limitations Pros: dbt Cloud has fundamentally changed how we manage our data transformations. The SQL-first approach, combined with Git integration, has created a true single source of truth for our business logic. Our team went from writing ad-hoc, untracked scripts in our old ETL tool to a collaborative, version-controlled workflow. Onboarding new analysts is much faster; they can get up to speed by exploring the generated documentation (`dbt docs`) and seeing the full lineage of our data models. The integrated scheduler and CI/CD checks have professionalized our deployment process, catching errors before they hit production. It's great for establishing a solid, auditable foundation for analytics where we previously had none.

Cons: While the core functionality is strong, the dbt Cloud experience has significant drawbacks. The web-based IDE is noticeably slow and clunky, especially on larger projects, leading many of us to default to a local VS Code setup, which defeats the purpose of the integrated environment. The cost is a major concern; the per-seat pricing feels steep, and we're constantly worried about run costs as we scale our job frequency. Debugging failed runs in the UI can be a pain; the error logs are there, but tracing complex Jinja or macro issues is much harder than in a local terminal. It feels like we're paying a premium for a managed scheduler and a sub-par IDE.

Use case: We use dbt Cloud as the central transformation layer in our modern data stack. Raw data is loaded from various sources (Salesforce, Google Ads) into our Snowflake warehouse via Fivetran. Our analytics engineering team then uses dbt Cloud to run models that clean, aggregate, and structure this data into a series of mart tables. These production-ready tables are then consumed by our data analysts in Looker for reporting and business intelligence.

Recommendation: I'd recommend dbt Cloud with reservations. It's a great accelerator for teams that need a manag"
485291009ce1b43f2ce5e02ffacd2e62,twitter,Vertex AI,Vertex AI,Kicking the tires on Vertex AI. The dev experience is... rough. Feels like 5 dif,Unpopular opinion: the 'integration' with the rest of GCP is less a feature and more a lock-in strategy. Suddenly my simple training job needs 3 different IAM roles and a VPC peering connection I didn't ask for.,Kicking the tires on Vertex AI. The dev experience is... rough. Feels like 5 dif Unpopular opinion: the 'integration' with the rest of GCP is less a feature and more a lock-in strategy. Suddenly my simple training job needs 3 different IAM roles and a VPC peering connection I didn't ask for.
fefeaad56211f679e79a7cb7eefd4f92,twitter,Snowflake,Snowflake,Just got off another call with a team whose Snowflake bill is 3x their initial e,"unpopular opinion: Snowflake is the new Oracle. The lock-in is real. Once your data, your pipelines, and your custom UDFs are in there, good luck migrating when the renewal price hits.","Just got off another call with a team whose Snowflake bill is 3x their initial e unpopular opinion: Snowflake is the new Oracle. The lock-in is real. Once your data, your pipelines, and your custom UDFs are in there, good luck migrating when the renewal price hits."
c43765fdc1c41d35c28fd54e7d2f07a9,twitter,Microsoft Fabric,Microsoft Fabric,Spent the last month deep in Microsoft Fabric. The verdict? It's a beautifully d,Spent the last month deep in Microsoft Fabric. The verdict? It's a beautifully designed UI on top of a pile of compromises.,Spent the last month deep in Microsoft Fabric. The verdict? It's a beautifully d Spent the last month deep in Microsoft Fabric. The verdict? It's a beautifully designed UI on top of a pile of compromises.
8d885501248d89c710d9892a0fe173f7,reddit,Google BigQuery,Google BigQuery,Re: Rant: Is BQ support actively trying to be useless? Our migration is a mess.,"Sorry, but this sounds like a classic 'blame the tool' situation. The official docs explicitly warn that JS UDFs are an escape hatch and have significant performance overhead. This should have been a major red flag during migration planning. You can't just lift-and-shift a Redshift workload and expect it to be optimal. You need to re-architect for the platform. This is a design failure, not a BQ failure.","Re: Rant: Is BQ support actively trying to be useless? Our migration is a mess. Sorry, but this sounds like a classic 'blame the tool' situation. The official docs explicitly warn that JS UDFs are an escape hatch and have significant performance overhead. This should have been a major red flag during migration planning. You can't just lift-and-shift a Redshift workload and expect it to be optimal. You need to re-architect for the platform. This is a design failure, not a BQ failure."
81006ebe3bd1ebf3ff1824efaab6a19c,reddit,Firebolt,Firebolt,"Re: PoC'd Firebolt for our customer-facing dashboard and... it actually worked. Like, really worked.","Did you consider just materializing a hyper-specific aggregate table in Snowflake for this dashboard? Or even using something like Materialize/Decodable for a streaming approach? Seems like adding a whole new query engine to the stack is a big jump in operational complexity vs optimizing your current setup. The performance numbers are impressive, but I'd worry about the long-term maintenance burden.","Re: PoC'd Firebolt for our customer-facing dashboard and... it actually worked. Like, really worked. Did you consider just materializing a hyper-specific aggregate table in Snowflake for this dashboard? Or even using something like Materialize/Decodable for a streaming approach? Seems like adding a whole new query engine to the stack is a big jump in operational complexity vs optimizing your current setup. The performance numbers are impressive, but I'd worry about the long-term maintenance burden."
d9be6e64f68696bda942ca01d4a6ae70,reddit,SageMaker,SageMaker,Re: 6 months into a SageMaker migration: thoughts from an MLE for the DEs in the room,"Thanks for this write-up! We're just starting to explore this. When you say the local development workflow is slow, are you using SageMaker Studio? Or are you just using the Python SDK from your local VS Code? Trying to figure out what the best practice is for iterating quickly.","Re: 6 months into a SageMaker migration: thoughts from an MLE for the DEs in the room Thanks for this write-up! We're just starting to explore this. When you say the local development workflow is slow, are you using SageMaker Studio? Or are you just using the Python SDK from your local VS Code? Trying to figure out what the best practice is for iterating quickly."
587af1a41de0df87d3af808832f4faf0,reddit,Microsoft Fabric,Microsoft Fabric,Re: Initial thoughts after migrating a small project to Microsoft Fabric - a mixed bag.,This is exactly why we passed on Fabric for now. It feels like 'Synapse Analytics v2'. They promise a unified platform but it's just a bunch of disparate services with a coat of paint. The git integration being weak is a total dealbreaker for any serious development. We're sticking with Databricks + dbt + ADF for now. At least we know how to debug it and the CI/CD story is miles ahead. Vendor lock-in for a half-baked platform is a big yikes from me.,Re: Initial thoughts after migrating a small project to Microsoft Fabric - a mixed bag. This is exactly why we passed on Fabric for now. It feels like 'Synapse Analytics v2'. They promise a unified platform but it's just a bunch of disparate services with a coat of paint. The git integration being weak is a total dealbreaker for any serious development. We're sticking with Databricks + dbt + ADF for now. At least we know how to debug it and the CI/CD story is miles ahead. Vendor lock-in for a half-baked platform is a big yikes from me.
6c36813b13bbcb227052a3220d2be37e,reddit,Microsoft Fabric,Microsoft Fabric,Re: Is anyone else getting absolutely burned by Microsoft Fabric in production?,"Gotta disagree here, sounds like some configuration issues. For the Spark jobs, are you properly caching your dataframes and checking for partition skew? The engine is different from Synapse. The 'slowness' is often just inefficient code that older platforms were more tolerant of. As for DirectLake, 15 min lag is not normal; you should check your V-order optimization on the delta tables. Fabric is a powerful tool if you use it correctly, it's not a magic wand.","Re: Is anyone else getting absolutely burned by Microsoft Fabric in production? Gotta disagree here, sounds like some configuration issues. For the Spark jobs, are you properly caching your dataframes and checking for partition skew? The engine is different from Synapse. The 'slowness' is often just inefficient code that older platforms were more tolerant of. As for DirectLake, 15 min lag is not normal; you should check your V-order optimization on the delta tables. Fabric is a powerful tool if you use it correctly, it's not a magic wand."
6f3030ef97ea0cd174e2c7b52b329e52,reddit,Microsoft Fabric,Microsoft Fabric,"Re: Okay, I'm an MLE and I actually... like Microsoft Fabric? (a pleasant surprise)","Glad it's working for you, but this is the definition of vendor lock-in. The MLflow instance is managed and has limitations compared to a self-hosted or Databricks-managed one. What happens when you need a cutting-edge library that isn't in the default Fabric runtime? Or want to use a different tool for orchestration? It's all easy when you're in the walled garden, but it's still a walled garden. We're sticking with Databricks on AWS for the flexibility.","Re: Okay, I'm an MLE and I actually... like Microsoft Fabric? (a pleasant surprise) Glad it's working for you, but this is the definition of vendor lock-in. The MLflow instance is managed and has limitations compared to a self-hosted or Databricks-managed one. What happens when you need a cutting-edge library that isn't in the default Fabric runtime? Or want to use a different tool for orchestration? It's all easy when you're in the walled garden, but it's still a walled garden. We're sticking with Databricks on AWS for the flexibility."
799fbe0011a41de11b17688ce98da7d3,twitter,SageMaker,SageMaker,Been playing with a lot of MLOps platforms lately. The 'best-of-breed' approach ,"Unpopular opinion: Yes, SageMaker can seem 'expensive' if you just look at the line item. But it's cheap when you factor in the engineering hours saved. Your data scientists should be building models, not debugging k8s pods.","Been playing with a lot of MLOps platforms lately. The 'best-of-breed' approach  Unpopular opinion: Yes, SageMaker can seem 'expensive' if you just look at the line item. But it's cheap when you factor in the engineering hours saved. Your data scientists should be building models, not debugging k8s pods."
25427831f48fbddea9ceed99d5c96a3d,reddit,AWS Redshift,AWS Redshift,Re: Rant: Is anyone else getting absolutely crushed by Redshift's slow ad-hoc performance?,"Dude, a 4-node ra3 cluster? Lucky. We're still on DC2.large nodes. I have queries that time out after 30 minutes. My entire workflow is built around exporting data subsets to a local DuckDB instance just so I can do my work. At least you get your queries to finish eventually. I'd kill for an 8-minute query.","Re: Rant: Is anyone else getting absolutely crushed by Redshift's slow ad-hoc performance? Dude, a 4-node ra3 cluster? Lucky. We're still on DC2.large nodes. I have queries that time out after 30 minutes. My entire workflow is built around exporting data subsets to a local DuckDB instance just so I can do my work. At least you get your queries to finish eventually. I'd kill for an 8-minute query."
274c23031836d0e68dbcc4a1baabc2d4,twitter,AWS Redshift,AWS Redshift,The Redshift migration is finally happening. Years of dealing with VACUUM comman,"Trying to run complex feature engineering queries on Redshift during business hours was a nightmare. Everything timed out. We ended up just dumping raw data to S3 and processing with Spark anyway. The 'warehouse' became a slow, expensive data pass-through.","The Redshift migration is finally happening. Years of dealing with VACUUM comman Trying to run complex feature engineering queries on Redshift during business hours was a nightmare. Everything timed out. We ended up just dumping raw data to S3 and processing with Spark anyway. The 'warehouse' became a slow, expensive data pass-through."
c70d67b665e73ed4e7469d5aafaf9b51,reddit,Trino,Trino,Re: Our experience migrating from PrestoDB to Trino - surprisingly smooth and a ~30% perf boost,"A 30% boost is nice, but the real test is stability under pressure. On our 100+ node cluster, a single user's badly written query with an accidental cross join can still cause a cascading failure that takes out a bunch of workers. Fault-tolerant execution helps, but it slows the query down significantly. It's a constant game of whack-a-mole with user education and resource queue tuning.","Re: Our experience migrating from PrestoDB to Trino - surprisingly smooth and a ~30% perf boost A 30% boost is nice, but the real test is stability under pressure. On our 100+ node cluster, a single user's badly written query with an accidental cross join can still cause a cascading failure that takes out a bunch of workers. Fault-tolerant execution helps, but it slows the query down significantly. It's a constant game of whack-a-mole with user education and resource queue tuning."
9bf4ebf41a84433d56697789869f8bdc,reddit,dbt,dbt,"Re: We just finished our 6-month migration from Stored Procs to dbt. My honest, unsponsored take.","For your incremental model performance, have you tried setting `on_schema_change='sync_all_columns'`? We found that with our frequently-changing source schemas, dbt was struggling to manage the table structure. It adds a bit of overhead to the run but it's better than a manual `ALTER TABLE`. Also, for the 'clever' macros, force everyone to use the `dbt-utils` package before writing their own. 90% of the time, the problem is already solved there.","Re: We just finished our 6-month migration from Stored Procs to dbt. My honest, unsponsored take. For your incremental model performance, have you tried setting `on_schema_change='sync_all_columns'`? We found that with our frequently-changing source schemas, dbt was struggling to manage the table structure. It adds a bit of overhead to the run but it's better than a manual `ALTER TABLE`. Also, for the 'clever' macros, force everyone to use the `dbt-utils` package before writing their own. 90% of the time, the problem is already solved there."
d3fa812f0a91e2b21db61ac7d98b0628,reddit,dbt,dbt,Re: Unpopular opinion: dbt is just tech debt as a service and we're thinking of ditching it. Sanity check?,"This sounds more like a people/process problem than a tool problem. If you have 2000+ models and no clear style guide or review process, you'd have a mess no matter what tool you used. dbt is incredibly powerful if you enforce modularity and have strict PR reviews. Don't blame the hammer because you built a wobbly house. YMMV, but for our 500-model project, it's been nothing but a success.","Re: Unpopular opinion: dbt is just tech debt as a service and we're thinking of ditching it. Sanity check? This sounds more like a people/process problem than a tool problem. If you have 2000+ models and no clear style guide or review process, you'd have a mess no matter what tool you used. dbt is incredibly powerful if you enforce modularity and have strict PR reviews. Don't blame the hammer because you built a wobbly house. YMMV, but for our 500-model project, it's been nothing but a success."
9eda74c909b76b7bf219b1a9b406a9f0,twitter,Google BigQuery,Google BigQuery,"Ok, time to rant about BigQuery. For a product I genuinely love and use daily, s",The pricing model. On-demand is a footgun for new users. Flat-rate is an opaque guessing game of 'slots'. Why is it so hard to get a predictable bill without a PhD in BQ economics?,"Ok, time to rant about BigQuery. For a product I genuinely love and use daily, s The pricing model. On-demand is a footgun for new users. Flat-rate is an opaque guessing game of 'slots'. Why is it so hard to get a predictable bill without a PhD in BQ economics?"
04fcd42e5de8b4cd68de72b26f42c46f,reddit,Vertex AI,Vertex AI,Re: Anyone else using Vertex AI Pipelines for non-ML ETL? Some thoughts after 3 months.,"Solid take. On the cost front, make sure you're using `set_caching_strategy(True)` on components that are deterministic. It's saved my clients a ton of cash by not re-running expensive validation steps on the same inputs. Also, for the UI, I've found it's easier to just pull the logs directly via `gcloud ai-platform jobs stream-logs <job_id>` than to click around the console. It's not ideal, but it's faster.","Re: Anyone else using Vertex AI Pipelines for non-ML ETL? Some thoughts after 3 months. Solid take. On the cost front, make sure you're using `set_caching_strategy(True)` on components that are deterministic. It's saved my clients a ton of cash by not re-running expensive validation steps on the same inputs. Also, for the UI, I've found it's easier to just pull the logs directly via `gcloud ai-platform jobs stream-logs <job_id>` than to click around the console. It's not ideal, but it's faster."
8d34671b9245fc9cadd08f2dafc47e98,reddit,dbt,dbt,"Our 4-person DE team's 6-month verdict on dbt Cloud (v1.6) on Snowflake. The good, the bad, and the 'meh'.","Hey r/dataengineering,

Been lurking for a while, wanted to give back with our team's experience adopting dbt Cloud. We're a team of 4 DEs supporting ~30 analysts and data scientists. Our stack is Fivetran -> Snowflake -> Tableau. Before this, our 'transformation' layer was a horrifying collection of multi-thousand-line SQL scripts orchestrated with Airflow 2.2, with zero testing and docs living in Confluence (if at all).

**The Good:**
*   **Testing is a lifesaver.** This is the killer feature. Just being able to add a simple YAML block to check for `not_null` or `unique` has already prevented multiple downstream incidents. We caught a duplicate primary key from a Fivetran sync bug last week that would have previously gone unnoticed for days. Writing custom generic tests is also surprisingly powerful.
*   **The Docs/Lineage graph.** `dbt docs generate` is magic. Handing our analysts a link to a searchable data dictionary with a full DAG of dependencies has cut down on 'what does this column mean' questions by at least 50%. Onboarding new DEs is way easier.
*   **Standardized project structure & Git workflow.** Moving from 'whoever is on-call hotfixes the giant SQL file in prod' to a PR-based workflow where changes are tied to models has made our lives so much better. Code reviews are actually meaningful now.

**The Bad / The 'Meh':**
*   **Jinja is a footgun.** It's awesome for simple stuff like `ref()` or looping over columns. But we've seen PRs where a seemingly simple macro expands into a 500-line CTE from hell that's impossible to debug in Snowflake. It's very easy to trade readable SQL for unreadable Jinja.
*   **dbt Cloud feels pricey for what it is.** The IDE is fine, but the scheduler and CI/CD features feel like a wrapper around what we could build ourselves with dbt Core and our existing CI (Github Actions). At $100/seat/month, it adds up. We're constantly debating if we should just run Core on a k8s pod with Airflow.
*   **Model sprawl is real.** It's so easy to make new models that our `models/marts` directory is getting crowded. Without strict governance, you can easily recreate the same spaghetti logic you were trying to escape, just in more files. You need discipline.

**Verdict:** It's a definite net positive, but it's not a silver bullet. The learning curve for writing *good*, maintainable dbt code is steeper than the 'analytics engineering' hype suggests. YMMV.","Our 4-person DE team's 6-month verdict on dbt Cloud (v1.6) on Snowflake. The good, the bad, and the 'meh'. Hey r/dataengineering,

Been lurking for a while, wanted to give back with our team's experience adopting dbt Cloud. We're a team of 4 DEs supporting ~30 analysts and data scientists. Our stack is Fivetran -> Snowflake -> Tableau. Before this, our 'transformation' layer was a horrifying collection of multi-thousand-line SQL scripts orchestrated with Airflow 2.2, with zero testing and docs living in Confluence (if at all).

**The Good:**
*   **Testing is a lifesaver.** This is the killer feature. Just being able to add a simple YAML block to check for `not_null` or `unique` has already prevented multiple downstream incidents. We caught a duplicate primary key from a Fivetran sync bug last week that would have previously gone unnoticed for days. Writing custom generic tests is also surprisingly powerful.
*   **The Docs/Lineage graph.** `dbt docs generate` is magic. Handing our analysts a link to a searchable data dictionary with a full DAG of dependencies has cut down on 'what does this column mean' questions by at least 50%. Onboarding new DEs is way easier.
*   **Standardized project structure & Git workflow.** Moving from 'whoever is on-call hotfixes the giant SQL file in prod' to a PR-based workflow where changes are tied to models has made our lives so much better. Code reviews are actually meaningful now.

**The Bad / The 'Meh':**
*   **Jinja is a footgun.** It's awesome for simple stuff like `ref()` or looping over columns. But we've seen PRs where a seemingly simple macro expands into a 500-line CTE from hell that's impossible to debug in Snowflake. It's very easy to trade readable SQL for unreadable Jinja.
*   **dbt Cloud feels pricey for what it is.** The IDE is fine, but the scheduler and CI/CD features feel like a wrapper around what we could build ourselves with dbt Core and our existing CI (Github Actions). At $100/seat/month, it adds up. We're constantly debating if we should just run Core on a "
2f71e7d247cd3c2b97ebc293e29b32da,linkedin,dbt,dbt,,"Appreciate this perspective. You nailed the governance issue. We've seen teams adopt dbt enthusiastically, only to create a new kind of spaghetti code with SQL and Jinja. It really highlights that the core challenge is often process, not technology. We still lean on tools like Airflow for complex, multi-system orchestration, as dbt is best-in-class for the 'T' in ELT, but it isn't the whole story for end-to-end data pipelines.","Appreciate this perspective. You nailed the governance issue. We've seen teams adopt dbt enthusiastically, only to create a new kind of spaghetti code with SQL and Jinja. It really highlights that the core challenge is often process, not technology. We still lean on tools like Airflow for complex, multi-system orchestration, as dbt is best-in-class for the 'T' in ELT, but it isn't the whole story for end-to-end data pipelines."
a3f24f4e16674766dec5481101e05147,twitter,Starburst,Starburst,Someone on my team just ran a SELECT * on a petabyte-scale Iceberg table via Sta,"Unpopular opinion: Starburst is a better data exploration tool than dbt for many use cases. You don't always need a materialized model, you just need an answer *now*. The federation is the killer feature.","Someone on my team just ran a SELECT * on a petabyte-scale Iceberg table via Sta Unpopular opinion: Starburst is a better data exploration tool than dbt for many use cases. You don't always need a materialized model, you just need an answer *now*. The federation is the killer feature."
7b2ed20d5113577e0fd3778c9cf32db8,reddit,Google BigQuery,Google BigQuery,Re: Is anyone else getting absolutely wrecked by BigQuery's pricing model? A migration cautionary tale.,"Dude, I feel this in my soul. We had to implement project-level cost controls and hard caps on user query costs after a BI user joined two multi-TB tables without a filter and rang up a $1200 bill in an afternoon. We also built a dashboard on top of INFORMATION_SCHEMA.JOBS to send Slack alerts for any query projected to scan more than 1TB. It's a constant game of whack-a-mole.","Re: Is anyone else getting absolutely wrecked by BigQuery's pricing model? A migration cautionary tale. Dude, I feel this in my soul. We had to implement project-level cost controls and hard caps on user query costs after a BI user joined two multi-TB tables without a filter and rang up a $1200 bill in an afternoon. We also built a dashboard on top of INFORMATION_SCHEMA.JOBS to send Slack alerts for any query projected to scan more than 1TB. It's a constant game of whack-a-mole."
b816e2ec776d36343ccf6ba073daea9a,reddit,Starburst,Starburst,"Re: Our ML team finally got unified data access with Starburst, and it's been surprisingly great.","Glad it's working for you! We run a similar setup. The key is making sure you have predicate pushdown working correctly on your connectors. That's what stops you from pulling the entire Postgres table over the network. For the commenter worried about scale, Starburst's caching features (and smart workload management) can mitigate a lot of the risk to prod DBs if you configure it right.","Re: Our ML team finally got unified data access with Starburst, and it's been surprisingly great. Glad it's working for you! We run a similar setup. The key is making sure you have predicate pushdown working correctly on your connectors. That's what stops you from pulling the entire Postgres table over the network. For the commenter worried about scale, Starburst's caching features (and smart workload management) can mitigate a lot of the risk to prod DBs if you configure it right."
016473c81a68cfd3619ccf61e6d59e1f,twitter,Microsoft Fabric,Microsoft Fabric,Been deep-diving into MS Fabric for a potential migration. The promise of a sing,"The T-SQL surface area over the lakehouse is also a massive win for adoption. Your existing army of SQL analysts can be productive immediately, without retraining on PySpark. Don't underestimate this.","Been deep-diving into MS Fabric for a potential migration. The promise of a sing The T-SQL surface area over the lakehouse is also a massive win for adoption. Your existing army of SQL analysts can be productive immediately, without retraining on PySpark. Don't underestimate this."
919fba4541963df580771d2271e4c7bc,reddit,Microsoft Fabric,Microsoft Fabric,"MS Fabric for ML - I was a huge skeptic, but it's starting to win me over.","Alright, gonna post a potentially spicy take. My org (heavy Azure shop, obviously) has been pushing us to use Microsoft Fabric for the last 4-5 months, and I was ready to hate it. I'm an MLE, my happy place is a well-configured Databricks workspace or a clean Jupyter instance. Another 'all-in-one' platform sounded like a nightmare.

But honestly? It's... not bad? The main thing for me is the unified data access via OneLake. Our DE team (5 people) uses Dataflows Gen2 to land and transform data into the Lakehouse as Delta tables. I can then spin up a notebook and read that *exact same table* with zero connection setup, no copy jobs, no worrying about sync delays. `df = spark.read.table('my_lakehouse.clean_customer_data')` and I'm off to the races. Sounds simple, but it's genuinely smoothed out our feature engineering pipeline.

MLflow is integrated out of the box. It's not the most bleeding-edge version and the UI is a bit clunky, but it auto-logs my scikit-learn and LightGBM experiments without much fuss. The model registry is solid enough that our Azure DevOps pipeline can pull the latest 'production' tagged model and deploy it to a managed endpoint. It works.

Performance isn't mind-blowing, but it's respectable. We're on an F64 capacity. A feature engineering job on a ~750GB Delta table using Spark 3.3 (with Photon enabled) is roughly on par with the equivalent job on our old Databricks cluster. Notebook startup can be a bit slow though.

It's not perfect. The notebook intellisense is laggy sometimes, and the pricing model is confusing as hell. But for a team like ours (3 MLEs) already in the MS ecosystem, the reduction in friction between DE and ML has been a real, tangible win. YMMV, but I'm cautiously optimistic.","MS Fabric for ML - I was a huge skeptic, but it's starting to win me over. Alright, gonna post a potentially spicy take. My org (heavy Azure shop, obviously) has been pushing us to use Microsoft Fabric for the last 4-5 months, and I was ready to hate it. I'm an MLE, my happy place is a well-configured Databricks workspace or a clean Jupyter instance. Another 'all-in-one' platform sounded like a nightmare.

But honestly? It's... not bad? The main thing for me is the unified data access via OneLake. Our DE team (5 people) uses Dataflows Gen2 to land and transform data into the Lakehouse as Delta tables. I can then spin up a notebook and read that *exact same table* with zero connection setup, no copy jobs, no worrying about sync delays. `df = spark.read.table('my_lakehouse.clean_customer_data')` and I'm off to the races. Sounds simple, but it's genuinely smoothed out our feature engineering pipeline.

MLflow is integrated out of the box. It's not the most bleeding-edge version and the UI is a bit clunky, but it auto-logs my scikit-learn and LightGBM experiments without much fuss. The model registry is solid enough that our Azure DevOps pipeline can pull the latest 'production' tagged model and deploy it to a managed endpoint. It works.

Performance isn't mind-blowing, but it's respectable. We're on an F64 capacity. A feature engineering job on a ~750GB Delta table using Spark 3.3 (with Photon enabled) is roughly on par with the equivalent job on our old Databricks cluster. Notebook startup can be a bit slow though.

It's not perfect. The notebook intellisense is laggy sometimes, and the pricing model is confusing as hell. But for a team like ours (3 MLEs) already in the MS ecosystem, the reduction in friction between DE and ML has been a real, tangible win. YMMV, but I'm cautiously optimistic."
660a59d02772cd3196a4b1245b414865,linkedin,Starburst,Starburst,,Wonderful to hear about your successful evaluation! The scenario you described is precisely the kind of data silo problem that a data mesh architecture can solve. Glad the team is seeing the value of federated queries. Let us know if you have any questions as you move into production.,Wonderful to hear about your successful evaluation! The scenario you described is precisely the kind of data silo problem that a data mesh architecture can solve. Glad the team is seeing the value of federated queries. Let us know if you have any questions as you move into production.
4e65610742ef985441584f7ba63c0d17,twitter,Firebolt,Firebolt,Been evaluating Firebolt for our new ML platform. The performance benchmarks in ,The custom SQL dialect is a major hurdle. Trying to port complex window functions and UDFs for feature engineering is proving… painful. We're spending more time on workarounds than on modeling.,Been evaluating Firebolt for our new ML platform. The performance benchmarks in  The custom SQL dialect is a major hurdle. Trying to port complex window functions and UDFs for feature engineering is proving… painful. We're spending more time on workarounds than on modeling.
8ab73ee713bc7b85ed9ebec9e2bd3fc4,g2,Starburst,Starburst,"Powerful in Theory, Painful and Unstable in Practice","Pros: The core concept is undeniably appealing: a single point of access for SQL queries across disparate data sources without massive data movement. For very simple, targeted queries across a couple of well-behaved sources (e.g., joining two different Postgres databases), it can work and feel a bit magical. The UI for exploring schemas across different catalogs is also decent, providing a unified view that our analysts initially liked. It did force us to have more serious conversations about data governance and ownership, which was a positive organizational side effect, even if the tool itself didn't solve the problem. When it works, it shows a glimpse of what a federated future could look like, but those moments have been few and far between.

Cons: The reality of running Starburst has been a nightmare of performance tuning and instability. The query planner often makes poor decisions, failing to properly push down predicates, resulting in massive amounts of data being pulled into the Starburst cluster for processing. This leads to incredibly slow queries and high compute costs on our EKS cluster. The connectors are a constant source of frustration; the connector for our legacy Oracle DB is particularly brittle and sensitive to JDBC driver versions, causing frequent outages. We've spent more engineering hours debugging connector issues and tuning arcane performance parameters than we ever spent on our old ETL pipelines. The administrative overhead is significant, and the promise of 'democratized data access' is a fiction when you need a dedicated platform team just to keep the lights on. It's far from the 'set it and forget it' solution we were pitched.

Use case: Our goal was to create a virtual data warehouse to enable our BI team to join data between our primary application database (Postgres), event data in our S3 data lake, and customer data from a third-party source synced to BigQuery. The idea was to replace a series of complex and slow Airflow ETL jobs with live, federated queries for our Tableau dashboards. We wanted to empower analysts to explore cross-domain data without waiting for engineering to build new pipelines.

Recommendation: I cannot recommend Starburst for most teams. The operational overhead and unpredictable performance make it an expensive and frustrating platform. Unless you have a very mature platform engineering team with deep expertise in distributed query engines and a specific use case that absolutely cannot tolerate data movement, you are better off with a traditional, centralized data warehouse.","Powerful in Theory, Painful and Unstable in Practice Pros: The core concept is undeniably appealing: a single point of access for SQL queries across disparate data sources without massive data movement. For very simple, targeted queries across a couple of well-behaved sources (e.g., joining two different Postgres databases), it can work and feel a bit magical. The UI for exploring schemas across different catalogs is also decent, providing a unified view that our analysts initially liked. It did force us to have more serious conversations about data governance and ownership, which was a positive organizational side effect, even if the tool itself didn't solve the problem. When it works, it shows a glimpse of what a federated future could look like, but those moments have been few and far between.

Cons: The reality of running Starburst has been a nightmare of performance tuning and instability. The query planner often makes poor decisions, failing to properly push down predicates, resulting in massive amounts of data being pulled into the Starburst cluster for processing. This leads to incredibly slow queries and high compute costs on our EKS cluster. The connectors are a constant source of frustration; the connector for our legacy Oracle DB is particularly brittle and sensitive to JDBC driver versions, causing frequent outages. We've spent more engineering hours debugging connector issues and tuning arcane performance parameters than we ever spent on our old ETL pipelines. The administrative overhead is significant, and the promise of 'democratized data access' is a fiction when you need a dedicated platform team just to keep the lights on. It's far from the 'set it and forget it' solution we were pitched.

Use case: Our goal was to create a virtual data warehouse to enable our BI team to join data between our primary application database (Postgres), event data in our S3 data lake, and customer data from a third-party source synced to BigQuery. The idea was to replace a series of complex and slow Airflow ETL job"
1738aab976192a706b572437b025e433,reddit,Vertex AI,Vertex AI,Re: 6 months deep on Vertex AI in a BigQuery shop. My honest take.,"This just sounds like a worse version of SageMaker. The SageMaker Studio experience is miles ahead, and the SDK (boto3) is way more mature and consistent. At least with AWS you have options like Databricks or other third parties that integrate well. With Vertex you're basically stuck in Google's walled garden. We evaluated both last year and the immaturity of the Vertex UI and SDK was a dealbreaker. No surprise it's still a mess.","Re: 6 months deep on Vertex AI in a BigQuery shop. My honest take. This just sounds like a worse version of SageMaker. The SageMaker Studio experience is miles ahead, and the SDK (boto3) is way more mature and consistent. At least with AWS you have options like Databricks or other third parties that integrate well. With Vertex you're basically stuck in Google's walled garden. We evaluated both last year and the immaturity of the Vertex UI and SDK was a dealbreaker. No surprise it's still a mess."
5d440e0bf36cb851ddc34c77257570dc,linkedin,AWS Redshift,AWS Redshift,,"This is a huge win for the product org. Having faster, more reliable access to user behavior data will dramatically shorten our feedback loops. This means we can validate hypotheses, ship improvements, and measure impact in days, not weeks. Can't wait for the full migration!","This is a huge win for the product org. Having faster, more reliable access to user behavior data will dramatically shorten our feedback loops. This means we can validate hypotheses, ship improvements, and measure impact in days, not weeks. Can't wait for the full migration!"
a5aef355d926b2dd2e1ce0353cdee307,g2,Snowflake,Snowflake,"Snowflake: A Powerful Engine, but Watch the Fuel Gauge","Pros: The separation of compute and storage is genuinely transformative. We can scale our virtual warehouses up for month-end reporting in minutes and then scale them down, something impossible on our old on-premise system. For an analytics team, features like Time Travel have been a lifesaver for quickly reverting data loading errors without a full restore. Zero-Copy Cloning is another standout; our data engineers can spin up full production data copies for development in seconds, which has dramatically sped up our project cycles. The familiar SQL interface also meant my team of analysts could be productive almost immediately with minimal retraining, a huge win for adoption.

Cons: The primary and most significant drawback is the unpredictable cost model. The abstraction of 'credits' makes it very difficult to forecast expenses accurately, and we've been hit with several surprisingly high bills. A single poorly optimized query from an analyst or a warehouse left running by mistake can burn through thousands of dollars in a matter of hours. This has forced us to invest significant, unplanned time in building our own cost monitoring dashboards and training the team on 'querying for cost,' a discipline we never had to worry about before. The native cost management tools are basic, leaving the heavy lifting of governance and optimization entirely on us.

Use case: Snowflake serves as our central data warehouse, consolidating marketing, sales, and product data to act as a single source of truth. It primarily powers all of our company-wide Tableau dashboards, supporting dozens of concurrent users. Our analytics and data science teams also use it directly for ad-hoc querying and exploratory data analysis. We replaced a legacy, on-premise SQL Server environment that was failing under the concurrent query load and couldn't scale with our data growth.

Recommendation: I would recommend Snowflake, but with a major caveat. It's fantastic for performance and scalability, but you must have a rigorous cost governance strategy from day one. If you aren't prepared to actively monitor and manage consumption, the costs will quickly spiral and overshadow the platform's benefits.","Snowflake: A Powerful Engine, but Watch the Fuel Gauge Pros: The separation of compute and storage is genuinely transformative. We can scale our virtual warehouses up for month-end reporting in minutes and then scale them down, something impossible on our old on-premise system. For an analytics team, features like Time Travel have been a lifesaver for quickly reverting data loading errors without a full restore. Zero-Copy Cloning is another standout; our data engineers can spin up full production data copies for development in seconds, which has dramatically sped up our project cycles. The familiar SQL interface also meant my team of analysts could be productive almost immediately with minimal retraining, a huge win for adoption.

Cons: The primary and most significant drawback is the unpredictable cost model. The abstraction of 'credits' makes it very difficult to forecast expenses accurately, and we've been hit with several surprisingly high bills. A single poorly optimized query from an analyst or a warehouse left running by mistake can burn through thousands of dollars in a matter of hours. This has forced us to invest significant, unplanned time in building our own cost monitoring dashboards and training the team on 'querying for cost,' a discipline we never had to worry about before. The native cost management tools are basic, leaving the heavy lifting of governance and optimization entirely on us.

Use case: Snowflake serves as our central data warehouse, consolidating marketing, sales, and product data to act as a single source of truth. It primarily powers all of our company-wide Tableau dashboards, supporting dozens of concurrent users. Our analytics and data science teams also use it directly for ad-hoc querying and exploratory data analysis. We replaced a legacy, on-premise SQL Server environment that was failing under the concurrent query load and couldn't scale with our data growth.

Recommendation: I would recommend Snowflake, but with a major caveat. It's fantastic for performance and scalability,"
b358fcd7f54b2ea1a68b1f2497aec251,linkedin,Vertex AI,Vertex AI,,"From an engineering perspective, the unified Feature Store has been huge. It’s solved our long-standing issues with training-serving skew and allows us to reuse features across multiple models securely. This alone has saved us countless hours of duplicative work and debugging. Glad we made the switch from our homegrown solution.","From an engineering perspective, the unified Feature Store has been huge. It’s solved our long-standing issues with training-serving skew and allows us to reuse features across multiple models securely. This alone has saved us countless hours of duplicative work and debugging. Glad we made the switch from our homegrown solution."
1e7b34eda358c05752077bdd08552ca9,twitter,Snowflake,Snowflake,Hot take: Snowflake's primary capability is converting your budget into their re,Hot take: Snowflake's primary capability is converting your budget into their revenue. The 'pay-per-second' warehouse model is a trap for any non-trivial workload. Unpredictable queries = unpredictable (and massive) bills. The house always wins.,Hot take: Snowflake's primary capability is converting your budget into their re Hot take: Snowflake's primary capability is converting your budget into their revenue. The 'pay-per-second' warehouse model is a trap for any non-trivial workload. Unpredictable queries = unpredictable (and massive) bills. The house always wins.
b1e8aaf052de943788d30994b854a376,twitter,Snowflake,Snowflake,Just reviewed a startup's Snowflake bill. It's higher than their payroll. The 's,Just reviewed a startup's Snowflake bill. It's higher than their payroll. The 'separation of compute and storage' pitch is a masterclass in turning your data warehouse into a variable-rate mortgage.,Just reviewed a startup's Snowflake bill. It's higher than their payroll. The 's Just reviewed a startup's Snowflake bill. It's higher than their payroll. The 'separation of compute and storage' pitch is a masterclass in turning your data warehouse into a variable-rate mortgage.
68cceab33ffa455101eff11d321a5ed2,twitter,Snowflake,Snowflake,Let's talk about the Snowflake sprawl. It started as a killer SQL engine on clou,"So, verdict? Snowflake is building a powerful, integrated data *application* platform. The original 'zero admin' warehouse is a memory. The challenge is no longer just query performance, but managing a complex ecosystem of compute, apps, and costs.","Let's talk about the Snowflake sprawl. It started as a killer SQL engine on clou So, verdict? Snowflake is building a powerful, integrated data *application* platform. The original 'zero admin' warehouse is a memory. The challenge is no longer just query performance, but managing a complex ecosystem of compute, apps, and costs."
3da5bcae50a5d40023d6101322bf673e,reddit,dbt Cloud,dbt Cloud,"Re: Okay, I was a dbt Cloud skeptic, but I'm officially a convert. Here's our experience.","This is super interesting, thanks for sharing. We're considering this move right now. How are you handling secrets management? Are you using the built-in environment variables, or did you integrate it with something like HashiCorp Vault? That's our main sticking point with security.","Re: Okay, I was a dbt Cloud skeptic, but I'm officially a convert. Here's our experience. This is super interesting, thanks for sharing. We're considering this move right now. How are you handling secrets management? Are you using the built-in environment variables, or did you integrate it with something like HashiCorp Vault? That's our main sticking point with security."
fb061da622b15d796d7e0068b0889d8b,twitter,Google BigQuery,Google BigQuery,Trying to do serious data engineering in BigQuery feels like fighting the platfo,"Say what you want about Snowflake/Databricks, but at least they give you knobs to turn. I can provision a warehouse, scale it, and know what I'm getting. BQ's slot scheduler is a black box designed to extract maximum revenue, not deliver predictable performance. 3/4","Trying to do serious data engineering in BigQuery feels like fighting the platfo Say what you want about Snowflake/Databricks, but at least they give you knobs to turn. I can provision a warehouse, scale it, and know what I'm getting. BQ's slot scheduler is a black box designed to extract maximum revenue, not deliver predictable performance. 3/4"
dfa2c1b4db12371c8b50309c3cc0ed3b,reddit,Google BigQuery,Google BigQuery,Re: Is anyone else getting absolutely wrecked by BigQuery costs after a migration?,"I feel this in my bones. We went through the same thing. The solution for us was a combination of things: 1) Get off on-demand ASAP and get a flat-rate slot commitment. It's a bigger upfront cost but it makes your bill predictable and forces you to manage resources. 2) Materialized Views. For your main dashboarding tables, pre-aggregate everything with MVs. It's another layer of complexity but it saved our asses. 3) BI Engine. If you're using Looker/Looker Studio, you have to pay for BI Engine, it's not optional if you want decent performance.","Re: Is anyone else getting absolutely wrecked by BigQuery costs after a migration? I feel this in my bones. We went through the same thing. The solution for us was a combination of things: 1) Get off on-demand ASAP and get a flat-rate slot commitment. It's a bigger upfront cost but it makes your bill predictable and forces you to manage resources. 2) Materialized Views. For your main dashboarding tables, pre-aggregate everything with MVs. It's another layer of complexity but it saved our asses. 3) BI Engine. If you're using Looker/Looker Studio, you have to pay for BI Engine, it's not optional if you want decent performance."
14fb39eaf2665d556c3fbae810714248,twitter,SageMaker,SageMaker,SageMaker is the enterprise Java of MLOps. A sprawling ecosystem of half-integra,"Unpopular opinion: just use the primitives. A container on ECS/EKS + MLflow + a proper orchestrator like Airflow/Dagster gives you more control, is easier to debug, and doesn't lock you into a single vendor's weird abstractions.","SageMaker is the enterprise Java of MLOps. A sprawling ecosystem of half-integra Unpopular opinion: just use the primitives. A container on ECS/EKS + MLflow + a proper orchestrator like Airflow/Dagster gives you more control, is easier to debug, and doesn't lock you into a single vendor's weird abstractions."
5387331d275d221fe95d2c3dcd72d1c5,linkedin,Google BigQuery,Google BigQuery,,"Great write-up! Your experience mirrors what we see with many successful migrations. Starting with a high-value, high-pain-point use case is the perfect way to build momentum and prove the business case early. It de-risks the larger initiative and gets key stakeholders excited about what's possible. Congrats on the successful project.","Great write-up! Your experience mirrors what we see with many successful migrations. Starting with a high-value, high-pain-point use case is the perfect way to build momentum and prove the business case early. It de-risks the larger initiative and gets key stakeholders excited about what's possible. Congrats on the successful project."
6242baece74862b7e1a4d48aaa7dd78b,reddit,AWS Redshift,AWS Redshift,Re: We finally migrated off our on-prem SQL Server box to Redshift Serverless and... I'm actually impressed.,"This is awesome context, thanks for sharing. We're in a similar boat with an old Oracle DB. My main concern is cost. The Redshift Serverless pricing seems kinda abstract with 'RPU-hours'. How are you monitoring your spend? Are you using AWS Cost Explorer or are there better tools to see which queries/users are driving the cost? Worried about a surprise bill.","Re: We finally migrated off our on-prem SQL Server box to Redshift Serverless and... I'm actually impressed. This is awesome context, thanks for sharing. We're in a similar boat with an old Oracle DB. My main concern is cost. The Redshift Serverless pricing seems kinda abstract with 'RPU-hours'. How are you monitoring your spend? Are you using AWS Cost Explorer or are there better tools to see which queries/users are driving the cost? Worried about a surprise bill."
4000ea381820c8b29a236cdc9d50e76f,reddit,AWS Redshift,AWS Redshift,"Re: My DS team's take on Redshift after a year - it's not sexy, but it works.","Hard disagree that it's 'fine'. We migrated off Redshift to BigQuery 6 months ago and it was a night and day difference for productivity. No more fighting for query slots, and analyzing nested JSON is trivial now. I can write a complex query with multiple CTEs on arrays and structs that would have been impossible or required 5 pre-processing steps in Redshift. I'd never go back.","Re: My DS team's take on Redshift after a year - it's not sexy, but it works. Hard disagree that it's 'fine'. We migrated off Redshift to BigQuery 6 months ago and it was a night and day difference for productivity. No more fighting for query slots, and analyzing nested JSON is trivial now. I can write a complex query with multiple CTEs on arrays and structs that would have been impossible or required 5 pre-processing steps in Redshift. I'd never go back."
88d902d0e6943ccc44e4d050f7b8179f,twitter,SageMaker,SageMaker,"Unpopular opinion: People dunk on SageMaker for its complexity, but they're miss","Unpopular opinion: People dunk on SageMaker for its complexity, but they're missing the point. It's not a library, it's an entire OS for machine learning. You're not supposed to use all of it at once.","Unpopular opinion: People dunk on SageMaker for its complexity, but they're miss Unpopular opinion: People dunk on SageMaker for its complexity, but they're missing the point. It's not a library, it's an entire OS for machine learning. You're not supposed to use all of it at once."
1408868439975839b3e10a906a6385bb,linkedin,SageMaker,SageMaker,,"This is a great, balanced take on the adoption journey. The learning curve is real, and we hear that feedback. Have your team looked at SageMaker Studio Labs for a more frictionless onboarding experience? It can help with experimentation before committing to the full Studio setup. Happy to connect you with a specialist to discuss cost optimization strategies if that would be helpful.","This is a great, balanced take on the adoption journey. The learning curve is real, and we hear that feedback. Have your team looked at SageMaker Studio Labs for a more frictionless onboarding experience? It can help with experimentation before committing to the full Studio setup. Happy to connect you with a specialist to discuss cost optimization strategies if that would be helpful."
9bf748990a219f2b302a759b53ece2eb,twitter,Snowflake,Snowflake,Kicking off our Snowflake migration. The bill is out of control for what it is. ,Unpopular opinion: Snowpark is a solution in search of a problem. The ergonomics are clunky and it just makes you wish you were using pandas/polars/spark directly. We spent more time fighting the platform than building models.,Kicking off our Snowflake migration. The bill is out of control for what it is.  Unpopular opinion: Snowpark is a solution in search of a problem. The ergonomics are clunky and it just makes you wish you were using pandas/polars/spark directly. We spent more time fighting the platform than building models.
2b0428186ceeb2ed0a9f1f8e388c574a,reddit,dbt Cloud,dbt Cloud,"Re: dbt Cloud is a game-changer for our DS team, but am I the only one who finds the web IDE... lacking?","100% agree. We ran into the same wall. The web IDE is a great entry point but you hit its ceiling fast. We have our whole team on the CLI + VS Code. To solve the onboarding friction, we created a Docker dev container with the dbt CLI, Python, our specific ODBC drivers, and all the VS Code extensions pre-configured. New hire just has to `docker run` and they're good to go. It's the best of both worlds.","Re: dbt Cloud is a game-changer for our DS team, but am I the only one who finds the web IDE... lacking? 100% agree. We ran into the same wall. The web IDE is a great entry point but you hit its ceiling fast. We have our whole team on the CLI + VS Code. To solve the onboarding friction, we created a Docker dev container with the dbt CLI, Python, our specific ODBC drivers, and all the VS Code extensions pre-configured. New hire just has to `docker run` and they're good to go. It's the best of both worlds."
962157dff8ea663414d925dd07c76a87,twitter,Firebolt,Firebolt,Hearing whispers about Firebolt migrations. Anyone else finding that the 'fastes,"Unpopular opinion: Firebolt's custom F3 format and indexing is a form of vendor lock-in. It's great for their query engine, but try exporting that to Parquet or another standard format. Good luck.","Hearing whispers about Firebolt migrations. Anyone else finding that the 'fastes Unpopular opinion: Firebolt's custom F3 format and indexing is a form of vendor lock-in. It's great for their query engine, but try exporting that to Parquet or another standard format. Good luck."
